globalbioticinteractions/cruaud	https://github.com/globalbioticinteractions/cruaud/archive/2774167bee6bcc4a1187ccb606d855edd646f19a.zip		2017-09-18T23:10:14Z	application/globi
globalbioticinteractions/cruaud	https://github.com/globalbioticinteractions/cruaud/archive/2774167bee6bcc4a1187ccb606d855edd646f19a.zip	1442db04d6455b781ea16db2ad4a43a3f6849f4f3dc4dd0da4bebf1582fa057e	2017-09-18T23:10:14Z	
globalbioticinteractions/cruaud	jar:file:/home/jhpoelen/elton/./datasets/globalbioticinteractions/cruaud/1442db04d6455b781ea16db2ad4a43a3f6849f4f3dc4dd0da4bebf1582fa057e!/cruaud-2774167bee6bcc4a1187ccb606d855edd646f19a/globi.json	244590e00d539ebdf32f32abbce6e5eef779d30c1e13ba0b03b85f6cf949bc2a	2017-09-18T23:10:14Z	
globalbioticinteractions/cruaud	jar:file:/home/jhpoelen/elton/./datasets/globalbioticinteractions/cruaud/1442db04d6455b781ea16db2ad4a43a3f6849f4f3dc4dd0da4bebf1582fa057e!/cruaud-2774167bee6bcc4a1187ccb606d855edd646f19a/Cruaud_et_al2012_Appendix_S2-wasp_material.csv	88b0fe7c783dedeebda595e966c10ec9289a8e35e516587b0d5609c64fca5555	2017-09-18T23:10:14Z	
globalbioticinteractions/cruaud	https://github.com/globalbioticinteractions/cruaud/archive/2774167bee6bcc4a1187ccb606d855edd646f19a.zip		2017-09-19T22:26:22Z	application/globi
globalbioticinteractions/cruaud	https://github.com/globalbioticinteractions/cruaud/archive/2774167bee6bcc4a1187ccb606d855edd646f19a.zip		2017-09-20T22:25:20Z	application/globi
globalbioticinteractions/cruaud	https://github.com/globalbioticinteractions/cruaud/archive/2774167bee6bcc4a1187ccb606d855edd646f19a.zip		2017-09-20T22:38:40Z	application/globi
globalbioticinteractions/cruaud	https://github.com/globalbioticinteractions/cruaud/archive/2774167bee6bcc4a1187ccb606d855edd646f19a.zip		2017-09-21T01:30:49Z	application/globi
globalbioticinteractions/cruaud	https://github.com/globalbioticinteractions/cruaud/archive/2774167bee6bcc4a1187ccb606d855edd646f19a.zip		2017-09-21T22:03:55Z	application/globi
globalbioticinteractions/cruaud	https://github.com/globalbioticinteractions/cruaud/archive/2774167bee6bcc4a1187ccb606d855edd646f19a.zip	1442db04d6455b781ea16db2ad4a43a3f6849f4f3dc4dd0da4bebf1582fa057e	2017-09-21T22:03:55Z	
globalbioticinteractions/cruaud	jar:file:/home/jhpoelen/elton/./datasets/globalbioticinteractions/cruaud/1442db04d6455b781ea16db2ad4a43a3f6849f4f3dc4dd0da4bebf1582fa057e!/cruaud-2774167bee6bcc4a1187ccb606d855edd646f19a/globi.json	244590e00d539ebdf32f32abbce6e5eef779d30c1e13ba0b03b85f6cf949bc2a	2017-09-21T22:03:55Z	
globalbioticinteractions/cruaud	https://github.com/globalbioticinteractions/cruaud/archive/2774167bee6bcc4a1187ccb606d855edd646f19a.zip	1442db04d6455b781ea16db2ad4a43a3f6849f4f3dc4dd0da4bebf1582fa057e	2017-09-21T22:03:55Z	
globalbioticinteractions/cruaud	jar:file:/home/jhpoelen/elton/./datasets/globalbioticinteractions/cruaud/1442db04d6455b781ea16db2ad4a43a3f6849f4f3dc4dd0da4bebf1582fa057e!/cruaud-2774167bee6bcc4a1187ccb606d855edd646f19a/Cruaud_et_al2012_Appendix_S2-wasp_material.csv	88b0fe7c783dedeebda595e966c10ec9289a8e35e516587b0d5609c64fca5555	2017-09-21T22:03:55Z	
globalbioticinteractions/cruaud	https://github.com/globalbioticinteractions/cruaud/archive/2774167bee6bcc4a1187ccb606d855edd646f19a.zip		2017-09-22T22:13:50Z	application/globi
globalbioticinteractions/cruaud	https://github.com/globalbioticinteractions/cruaud/archive/2774167bee6bcc4a1187ccb606d855edd646f19a.zip	1442db04d6455b781ea16db2ad4a43a3f6849f4f3dc4dd0da4bebf1582fa057e	2017-09-22T22:13:50Z	
globalbioticinteractions/cruaud	jar:file:/home/jhpoelen/elton/./datasets/globalbioticinteractions/cruaud/1442db04d6455b781ea16db2ad4a43a3f6849f4f3dc4dd0da4bebf1582fa057e!/cruaud-2774167bee6bcc4a1187ccb606d855edd646f19a/globi.json	244590e00d539ebdf32f32abbce6e5eef779d30c1e13ba0b03b85f6cf949bc2a	2017-09-22T22:13:50Z	
globalbioticinteractions/cruaud	https://github.com/globalbioticinteractions/cruaud/archive/2774167bee6bcc4a1187ccb606d855edd646f19a.zip	1442db04d6455b781ea16db2ad4a43a3f6849f4f3dc4dd0da4bebf1582fa057e	2017-09-22T22:13:51Z	
globalbioticinteractions/cruaud	jar:file:/home/jhpoelen/elton/./datasets/globalbioticinteractions/cruaud/1442db04d6455b781ea16db2ad4a43a3f6849f4f3dc4dd0da4bebf1582fa057e!/cruaud-2774167bee6bcc4a1187ccb606d855edd646f19a/Cruaud_et_al2012_Appendix_S2-wasp_material.csv	88b0fe7c783dedeebda595e966c10ec9289a8e35e516587b0d5609c64fca5555	2017-09-22T22:13:51Z	
globalbioticinteractions/cruaud	https://github.com/globalbioticinteractions/cruaud/archive/2774167bee6bcc4a1187ccb606d855edd646f19a.zip		2017-09-23T22:20:48Z	application/globi
globalbioticinteractions/cruaud	https://github.com/globalbioticinteractions/cruaud/archive/2774167bee6bcc4a1187ccb606d855edd646f19a.zip	1442db04d6455b781ea16db2ad4a43a3f6849f4f3dc4dd0da4bebf1582fa057e	2017-09-23T22:20:48Z	
globalbioticinteractions/cruaud	jar:file:/home/jhpoelen/elton/./datasets/globalbioticinteractions/cruaud/1442db04d6455b781ea16db2ad4a43a3f6849f4f3dc4dd0da4bebf1582fa057e!/cruaud-2774167bee6bcc4a1187ccb606d855edd646f19a/globi.json	244590e00d539ebdf32f32abbce6e5eef779d30c1e13ba0b03b85f6cf949bc2a	2017-09-23T22:20:48Z	
globalbioticinteractions/cruaud	https://github.com/globalbioticinteractions/cruaud/archive/2774167bee6bcc4a1187ccb606d855edd646f19a.zip	1442db04d6455b781ea16db2ad4a43a3f6849f4f3dc4dd0da4bebf1582fa057e	2017-09-23T22:20:49Z	
globalbioticinteractions/cruaud	jar:file:/home/jhpoelen/elton/./datasets/globalbioticinteractions/cruaud/1442db04d6455b781ea16db2ad4a43a3f6849f4f3dc4dd0da4bebf1582fa057e!/cruaud-2774167bee6bcc4a1187ccb606d855edd646f19a/Cruaud_et_al2012_Appendix_S2-wasp_material.csv	88b0fe7c783dedeebda595e966c10ec9289a8e35e516587b0d5609c64fca5555	2017-09-23T22:20:49Z	
globalbioticinteractions/cruaud	https://github.com/globalbioticinteractions/cruaud/archive/2774167bee6bcc4a1187ccb606d855edd646f19a.zip		2017-09-24T22:38:39Z	application/globi
globalbioticinteractions/cruaud	https://github.com/globalbioticinteractions/cruaud/archive/2774167bee6bcc4a1187ccb606d855edd646f19a.zip	1442db04d6455b781ea16db2ad4a43a3f6849f4f3dc4dd0da4bebf1582fa057e	2017-09-24T22:38:40Z	
globalbioticinteractions/cruaud	jar:file:/home/jhpoelen/elton/./datasets/globalbioticinteractions/cruaud/1442db04d6455b781ea16db2ad4a43a3f6849f4f3dc4dd0da4bebf1582fa057e!/cruaud-2774167bee6bcc4a1187ccb606d855edd646f19a/globi.json	244590e00d539ebdf32f32abbce6e5eef779d30c1e13ba0b03b85f6cf949bc2a	2017-09-24T22:38:40Z	
globalbioticinteractions/cruaud	https://github.com/globalbioticinteractions/cruaud/archive/2774167bee6bcc4a1187ccb606d855edd646f19a.zip	1442db04d6455b781ea16db2ad4a43a3f6849f4f3dc4dd0da4bebf1582fa057e	2017-09-24T22:38:40Z	
globalbioticinteractions/cruaud	jar:file:/home/jhpoelen/elton/./datasets/globalbioticinteractions/cruaud/1442db04d6455b781ea16db2ad4a43a3f6849f4f3dc4dd0da4bebf1582fa057e!/cruaud-2774167bee6bcc4a1187ccb606d855edd646f19a/Cruaud_et_al2012_Appendix_S2-wasp_material.csv	88b0fe7c783dedeebda595e966c10ec9289a8e35e516587b0d5609c64fca5555	2017-09-24T22:38:40Z	
globalbioticinteractions/cruaud	https://github.com/globalbioticinteractions/cruaud/archive/2774167bee6bcc4a1187ccb606d855edd646f19a.zip		2017-09-25T23:13:03Z	application/globi
globalbioticinteractions/cruaud	https://github.com/globalbioticinteractions/cruaud/archive/2774167bee6bcc4a1187ccb606d855edd646f19a.zip	1442db04d6455b781ea16db2ad4a43a3f6849f4f3dc4dd0da4bebf1582fa057e	2017-09-25T23:13:03Z	
globalbioticinteractions/cruaud	jar:file:/home/jhpoelen/elton/./datasets/globalbioticinteractions/cruaud/1442db04d6455b781ea16db2ad4a43a3f6849f4f3dc4dd0da4bebf1582fa057e!/cruaud-2774167bee6bcc4a1187ccb606d855edd646f19a/globi.json	244590e00d539ebdf32f32abbce6e5eef779d30c1e13ba0b03b85f6cf949bc2a	2017-09-25T23:13:03Z	
globalbioticinteractions/cruaud	https://github.com/globalbioticinteractions/cruaud/archive/2774167bee6bcc4a1187ccb606d855edd646f19a.zip	1442db04d6455b781ea16db2ad4a43a3f6849f4f3dc4dd0da4bebf1582fa057e	2017-09-25T23:13:03Z	
globalbioticinteractions/cruaud	jar:file:/home/jhpoelen/elton/./datasets/globalbioticinteractions/cruaud/1442db04d6455b781ea16db2ad4a43a3f6849f4f3dc4dd0da4bebf1582fa057e!/cruaud-2774167bee6bcc4a1187ccb606d855edd646f19a/Cruaud_et_al2012_Appendix_S2-wasp_material.csv	88b0fe7c783dedeebda595e966c10ec9289a8e35e516587b0d5609c64fca5555	2017-09-25T23:13:03Z	
globalbioticinteractions/cruaud	https://github.com/globalbioticinteractions/cruaud/archive/2774167bee6bcc4a1187ccb606d855edd646f19a.zip		2017-10-02T05:23:55Z	application/globi
globalbioticinteractions/cruaud	https://github.com/globalbioticinteractions/cruaud/archive/2774167bee6bcc4a1187ccb606d855edd646f19a.zip	1442db04d6455b781ea16db2ad4a43a3f6849f4f3dc4dd0da4bebf1582fa057e	2017-10-02T05:23:56Z	
globalbioticinteractions/cruaud	jar:file:/home/jhpoelen/elton/./datasets/globalbioticinteractions/cruaud/1442db04d6455b781ea16db2ad4a43a3f6849f4f3dc4dd0da4bebf1582fa057e!/cruaud-2774167bee6bcc4a1187ccb606d855edd646f19a/globi.json	244590e00d539ebdf32f32abbce6e5eef779d30c1e13ba0b03b85f6cf949bc2a	2017-10-02T05:23:56Z	
globalbioticinteractions/cruaud	https://github.com/globalbioticinteractions/cruaud/archive/2774167bee6bcc4a1187ccb606d855edd646f19a.zip	1442db04d6455b781ea16db2ad4a43a3f6849f4f3dc4dd0da4bebf1582fa057e	2017-10-02T05:23:56Z	
globalbioticinteractions/cruaud	jar:file:/home/jhpoelen/elton/./datasets/globalbioticinteractions/cruaud/1442db04d6455b781ea16db2ad4a43a3f6849f4f3dc4dd0da4bebf1582fa057e!/cruaud-2774167bee6bcc4a1187ccb606d855edd646f19a/Cruaud_et_al2012_Appendix_S2-wasp_material.csv	88b0fe7c783dedeebda595e966c10ec9289a8e35e516587b0d5609c64fca5555	2017-10-02T05:23:56Z	
globalbioticinteractions/cruaud	https://github.com/globalbioticinteractions/cruaud/archive/2774167bee6bcc4a1187ccb606d855edd646f19a.zip		2017-10-14T22:30:52Z	application/globi
globalbioticinteractions/cruaud	https://github.com/globalbioticinteractions/cruaud/archive/2774167bee6bcc4a1187ccb606d855edd646f19a.zip	1442db04d6455b781ea16db2ad4a43a3f6849f4f3dc4dd0da4bebf1582fa057e	2017-10-14T22:30:53Z	
globalbioticinteractions/cruaud	jar:file:/home/jhpoelen/elton/./datasets/globalbioticinteractions/cruaud/1442db04d6455b781ea16db2ad4a43a3f6849f4f3dc4dd0da4bebf1582fa057e!/cruaud-2774167bee6bcc4a1187ccb606d855edd646f19a/globi.json	244590e00d539ebdf32f32abbce6e5eef779d30c1e13ba0b03b85f6cf949bc2a	2017-10-14T22:30:53Z	
globalbioticinteractions/cruaud	https://github.com/globalbioticinteractions/cruaud/archive/2774167bee6bcc4a1187ccb606d855edd646f19a.zip	1442db04d6455b781ea16db2ad4a43a3f6849f4f3dc4dd0da4bebf1582fa057e	2017-10-14T22:30:53Z	
globalbioticinteractions/cruaud	jar:file:/home/jhpoelen/elton/./datasets/globalbioticinteractions/cruaud/1442db04d6455b781ea16db2ad4a43a3f6849f4f3dc4dd0da4bebf1582fa057e!/cruaud-2774167bee6bcc4a1187ccb606d855edd646f19a/Cruaud_et_al2012_Appendix_S2-wasp_material.csv	88b0fe7c783dedeebda595e966c10ec9289a8e35e516587b0d5609c64fca5555	2017-10-14T22:30:53Z	
globalbioticinteractions/cruaud	https://github.com/globalbioticinteractions/cruaud/archive/2774167bee6bcc4a1187ccb606d855edd646f19a.zip		2017-10-21T23:05:19Z	application/globi
globalbioticinteractions/cruaud	https://github.com/globalbioticinteractions/cruaud/archive/2774167bee6bcc4a1187ccb606d855edd646f19a.zip	1442db04d6455b781ea16db2ad4a43a3f6849f4f3dc4dd0da4bebf1582fa057e	2017-10-21T23:05:19Z	
globalbioticinteractions/cruaud	jar:file:/home/jhpoelen/elton/./datasets/globalbioticinteractions/cruaud/1442db04d6455b781ea16db2ad4a43a3f6849f4f3dc4dd0da4bebf1582fa057e!/cruaud-2774167bee6bcc4a1187ccb606d855edd646f19a/globi.json	244590e00d539ebdf32f32abbce6e5eef779d30c1e13ba0b03b85f6cf949bc2a	2017-10-21T23:05:19Z	
globalbioticinteractions/cruaud	https://github.com/globalbioticinteractions/cruaud/archive/2774167bee6bcc4a1187ccb606d855edd646f19a.zip	1442db04d6455b781ea16db2ad4a43a3f6849f4f3dc4dd0da4bebf1582fa057e	2017-10-21T23:05:20Z	
globalbioticinteractions/cruaud	jar:file:/home/jhpoelen/elton/./datasets/globalbioticinteractions/cruaud/1442db04d6455b781ea16db2ad4a43a3f6849f4f3dc4dd0da4bebf1582fa057e!/cruaud-2774167bee6bcc4a1187ccb606d855edd646f19a/Cruaud_et_al2012_Appendix_S2-wasp_material.csv	88b0fe7c783dedeebda595e966c10ec9289a8e35e516587b0d5609c64fca5555	2017-10-21T23:05:20Z	
globalbioticinteractions/cruaud	https://github.com/globalbioticinteractions/cruaud/archive/2774167bee6bcc4a1187ccb606d855edd646f19a.zip		2017-10-28T23:24:24Z	application/globi
globalbioticinteractions/cruaud	https://github.com/globalbioticinteractions/cruaud/archive/2774167bee6bcc4a1187ccb606d855edd646f19a.zip	1442db04d6455b781ea16db2ad4a43a3f6849f4f3dc4dd0da4bebf1582fa057e	2017-10-28T23:24:24Z	
globalbioticinteractions/cruaud	jar:file:/home/jhpoelen/elton/./datasets/globalbioticinteractions/cruaud/1442db04d6455b781ea16db2ad4a43a3f6849f4f3dc4dd0da4bebf1582fa057e!/cruaud-2774167bee6bcc4a1187ccb606d855edd646f19a/globi.json	244590e00d539ebdf32f32abbce6e5eef779d30c1e13ba0b03b85f6cf949bc2a	2017-10-28T23:24:24Z	
globalbioticinteractions/cruaud	https://github.com/globalbioticinteractions/cruaud/archive/2774167bee6bcc4a1187ccb606d855edd646f19a.zip	1442db04d6455b781ea16db2ad4a43a3f6849f4f3dc4dd0da4bebf1582fa057e	2017-10-28T23:24:25Z	
globalbioticinteractions/cruaud	jar:file:/home/jhpoelen/elton/./datasets/globalbioticinteractions/cruaud/1442db04d6455b781ea16db2ad4a43a3f6849f4f3dc4dd0da4bebf1582fa057e!/cruaud-2774167bee6bcc4a1187ccb606d855edd646f19a/Cruaud_et_al2012_Appendix_S2-wasp_material.csv	88b0fe7c783dedeebda595e966c10ec9289a8e35e516587b0d5609c64fca5555	2017-10-28T23:24:25Z	
globalbioticinteractions/cruaud	https://github.com/globalbioticinteractions/cruaud/archive/2774167bee6bcc4a1187ccb606d855edd646f19a.zip		2017-11-05T01:44:08Z	application/globi
globalbioticinteractions/cruaud	https://github.com/globalbioticinteractions/cruaud/archive/2774167bee6bcc4a1187ccb606d855edd646f19a.zip	1442db04d6455b781ea16db2ad4a43a3f6849f4f3dc4dd0da4bebf1582fa057e	2017-11-05T01:44:09Z	
globalbioticinteractions/cruaud	jar:file:/home/jhpoelen/elton/./datasets/globalbioticinteractions/cruaud/1442db04d6455b781ea16db2ad4a43a3f6849f4f3dc4dd0da4bebf1582fa057e!/cruaud-2774167bee6bcc4a1187ccb606d855edd646f19a/globi.json	244590e00d539ebdf32f32abbce6e5eef779d30c1e13ba0b03b85f6cf949bc2a	2017-11-05T01:44:09Z	
globalbioticinteractions/cruaud	https://github.com/globalbioticinteractions/cruaud/archive/2774167bee6bcc4a1187ccb606d855edd646f19a.zip	1442db04d6455b781ea16db2ad4a43a3f6849f4f3dc4dd0da4bebf1582fa057e	2017-11-05T01:44:09Z	
globalbioticinteractions/cruaud	jar:file:/home/jhpoelen/elton/./datasets/globalbioticinteractions/cruaud/1442db04d6455b781ea16db2ad4a43a3f6849f4f3dc4dd0da4bebf1582fa057e!/cruaud-2774167bee6bcc4a1187ccb606d855edd646f19a/Cruaud_et_al2012_Appendix_S2-wasp_material.csv	88b0fe7c783dedeebda595e966c10ec9289a8e35e516587b0d5609c64fca5555	2017-11-05T01:44:09Z	
globalbioticinteractions/cruaud	https://github.com/globalbioticinteractions/cruaud/archive/2774167bee6bcc4a1187ccb606d855edd646f19a.zip		2017-11-07T20:16:39Z	application/globi
globalbioticinteractions/cruaud	https://github.com/globalbioticinteractions/cruaud/archive/2774167bee6bcc4a1187ccb606d855edd646f19a.zip	1442db04d6455b781ea16db2ad4a43a3f6849f4f3dc4dd0da4bebf1582fa057e	2017-11-07T20:16:40Z	
globalbioticinteractions/cruaud	jar:file:/home/jhpoelen/elton/./datasets/globalbioticinteractions/cruaud/1442db04d6455b781ea16db2ad4a43a3f6849f4f3dc4dd0da4bebf1582fa057e!/cruaud-2774167bee6bcc4a1187ccb606d855edd646f19a/globi.json	244590e00d539ebdf32f32abbce6e5eef779d30c1e13ba0b03b85f6cf949bc2a	2017-11-07T20:16:40Z	
globalbioticinteractions/cruaud	https://github.com/globalbioticinteractions/cruaud/archive/2774167bee6bcc4a1187ccb606d855edd646f19a.zip	1442db04d6455b781ea16db2ad4a43a3f6849f4f3dc4dd0da4bebf1582fa057e	2017-11-07T20:16:40Z	
globalbioticinteractions/cruaud	jar:file:/home/jhpoelen/elton/./datasets/globalbioticinteractions/cruaud/1442db04d6455b781ea16db2ad4a43a3f6849f4f3dc4dd0da4bebf1582fa057e!/cruaud-2774167bee6bcc4a1187ccb606d855edd646f19a/Cruaud_et_al2012_Appendix_S2-wasp_material.csv	88b0fe7c783dedeebda595e966c10ec9289a8e35e516587b0d5609c64fca5555	2017-11-07T20:16:40Z	
globalbioticinteractions/cruaud	https://github.com/globalbioticinteractions/cruaud/archive/2774167bee6bcc4a1187ccb606d855edd646f19a.zip		2017-11-14T20:14:49Z	application/globi
globalbioticinteractions/cruaud	https://github.com/globalbioticinteractions/cruaud/archive/2774167bee6bcc4a1187ccb606d855edd646f19a.zip	1442db04d6455b781ea16db2ad4a43a3f6849f4f3dc4dd0da4bebf1582fa057e	2017-11-14T20:14:50Z	
globalbioticinteractions/cruaud	jar:file:/home/jhpoelen/elton/./datasets/globalbioticinteractions/cruaud/1442db04d6455b781ea16db2ad4a43a3f6849f4f3dc4dd0da4bebf1582fa057e!/cruaud-2774167bee6bcc4a1187ccb606d855edd646f19a/globi.json	244590e00d539ebdf32f32abbce6e5eef779d30c1e13ba0b03b85f6cf949bc2a	2017-11-14T20:14:50Z	
globalbioticinteractions/cruaud	https://github.com/globalbioticinteractions/cruaud/archive/2774167bee6bcc4a1187ccb606d855edd646f19a.zip	1442db04d6455b781ea16db2ad4a43a3f6849f4f3dc4dd0da4bebf1582fa057e	2017-11-14T20:14:50Z	
globalbioticinteractions/cruaud	jar:file:/home/jhpoelen/elton/./datasets/globalbioticinteractions/cruaud/1442db04d6455b781ea16db2ad4a43a3f6849f4f3dc4dd0da4bebf1582fa057e!/cruaud-2774167bee6bcc4a1187ccb606d855edd646f19a/Cruaud_et_al2012_Appendix_S2-wasp_material.csv	88b0fe7c783dedeebda595e966c10ec9289a8e35e516587b0d5609c64fca5555	2017-11-14T20:14:50Z	
globalbioticinteractions/cruaud	https://github.com/globalbioticinteractions/cruaud/archive/2774167bee6bcc4a1187ccb606d855edd646f19a.zip		2017-11-21T19:28:46Z	application/globi
globalbioticinteractions/cruaud	https://github.com/globalbioticinteractions/cruaud/archive/2774167bee6bcc4a1187ccb606d855edd646f19a.zip	1442db04d6455b781ea16db2ad4a43a3f6849f4f3dc4dd0da4bebf1582fa057e	2017-11-21T19:28:48Z	
globalbioticinteractions/cruaud	jar:file:/home/jhpoelen/elton/./datasets/globalbioticinteractions/cruaud/1442db04d6455b781ea16db2ad4a43a3f6849f4f3dc4dd0da4bebf1582fa057e!/cruaud-2774167bee6bcc4a1187ccb606d855edd646f19a/globi.json	244590e00d539ebdf32f32abbce6e5eef779d30c1e13ba0b03b85f6cf949bc2a	2017-11-21T19:28:48Z	
globalbioticinteractions/cruaud	https://github.com/globalbioticinteractions/cruaud/archive/2774167bee6bcc4a1187ccb606d855edd646f19a.zip	1442db04d6455b781ea16db2ad4a43a3f6849f4f3dc4dd0da4bebf1582fa057e	2017-11-21T19:28:48Z	
globalbioticinteractions/cruaud	jar:file:/home/jhpoelen/elton/./datasets/globalbioticinteractions/cruaud/1442db04d6455b781ea16db2ad4a43a3f6849f4f3dc4dd0da4bebf1582fa057e!/cruaud-2774167bee6bcc4a1187ccb606d855edd646f19a/Cruaud_et_al2012_Appendix_S2-wasp_material.csv	88b0fe7c783dedeebda595e966c10ec9289a8e35e516587b0d5609c64fca5555	2017-11-21T19:28:48Z	
globalbioticinteractions/cruaud	https://github.com/globalbioticinteractions/cruaud/archive/2774167bee6bcc4a1187ccb606d855edd646f19a.zip		2017-11-28T20:08:01Z	application/globi
globalbioticinteractions/cruaud	https://github.com/globalbioticinteractions/cruaud/archive/2774167bee6bcc4a1187ccb606d855edd646f19a.zip	1442db04d6455b781ea16db2ad4a43a3f6849f4f3dc4dd0da4bebf1582fa057e	2017-11-28T20:08:02Z	
globalbioticinteractions/cruaud	jar:file:/home/jhpoelen/elton/./datasets/globalbioticinteractions/cruaud/1442db04d6455b781ea16db2ad4a43a3f6849f4f3dc4dd0da4bebf1582fa057e!/cruaud-2774167bee6bcc4a1187ccb606d855edd646f19a/globi.json	244590e00d539ebdf32f32abbce6e5eef779d30c1e13ba0b03b85f6cf949bc2a	2017-11-28T20:08:02Z	
globalbioticinteractions/cruaud	https://github.com/globalbioticinteractions/cruaud/archive/2774167bee6bcc4a1187ccb606d855edd646f19a.zip	1442db04d6455b781ea16db2ad4a43a3f6849f4f3dc4dd0da4bebf1582fa057e	2017-11-28T20:08:02Z	
globalbioticinteractions/cruaud	jar:file:/home/jhpoelen/elton/./datasets/globalbioticinteractions/cruaud/1442db04d6455b781ea16db2ad4a43a3f6849f4f3dc4dd0da4bebf1582fa057e!/cruaud-2774167bee6bcc4a1187ccb606d855edd646f19a/Cruaud_et_al2012_Appendix_S2-wasp_material.csv	88b0fe7c783dedeebda595e966c10ec9289a8e35e516587b0d5609c64fca5555	2017-11-28T20:08:02Z	
globalbioticinteractions/cruaud	https://github.com/globalbioticinteractions/cruaud/archive/2774167bee6bcc4a1187ccb606d855edd646f19a.zip		2017-12-09T21:05:55Z	application/globi
globalbioticinteractions/cruaud	https://github.com/globalbioticinteractions/cruaud/archive/2774167bee6bcc4a1187ccb606d855edd646f19a.zip	1442db04d6455b781ea16db2ad4a43a3f6849f4f3dc4dd0da4bebf1582fa057e	2017-12-09T21:05:55Z	
globalbioticinteractions/cruaud	jar:file:/home/jhpoelen/elton/./datasets/globalbioticinteractions/cruaud/1442db04d6455b781ea16db2ad4a43a3f6849f4f3dc4dd0da4bebf1582fa057e!/cruaud-2774167bee6bcc4a1187ccb606d855edd646f19a/globi.json	244590e00d539ebdf32f32abbce6e5eef779d30c1e13ba0b03b85f6cf949bc2a	2017-12-09T21:05:55Z	
globalbioticinteractions/cruaud	https://github.com/globalbioticinteractions/cruaud/archive/2774167bee6bcc4a1187ccb606d855edd646f19a.zip	1442db04d6455b781ea16db2ad4a43a3f6849f4f3dc4dd0da4bebf1582fa057e	2017-12-09T21:05:56Z	
globalbioticinteractions/cruaud	jar:file:/home/jhpoelen/elton/./datasets/globalbioticinteractions/cruaud/1442db04d6455b781ea16db2ad4a43a3f6849f4f3dc4dd0da4bebf1582fa057e!/cruaud-2774167bee6bcc4a1187ccb606d855edd646f19a/Cruaud_et_al2012_Appendix_S2-wasp_material.csv	88b0fe7c783dedeebda595e966c10ec9289a8e35e516587b0d5609c64fca5555	2017-12-09T21:05:56Z	
globalbioticinteractions/cruaud	https://github.com/globalbioticinteractions/cruaud/archive/2774167bee6bcc4a1187ccb606d855edd646f19a.zip		2017-12-16T21:26:11Z	application/globi
globalbioticinteractions/cruaud	https://github.com/globalbioticinteractions/cruaud/archive/2774167bee6bcc4a1187ccb606d855edd646f19a.zip	1442db04d6455b781ea16db2ad4a43a3f6849f4f3dc4dd0da4bebf1582fa057e	2017-12-16T21:26:12Z	
globalbioticinteractions/cruaud	jar:file:/home/jhpoelen/elton/./datasets/globalbioticinteractions/cruaud/1442db04d6455b781ea16db2ad4a43a3f6849f4f3dc4dd0da4bebf1582fa057e!/cruaud-2774167bee6bcc4a1187ccb606d855edd646f19a/globi.json	244590e00d539ebdf32f32abbce6e5eef779d30c1e13ba0b03b85f6cf949bc2a	2017-12-16T21:26:12Z	
globalbioticinteractions/cruaud	https://github.com/globalbioticinteractions/cruaud/archive/2774167bee6bcc4a1187ccb606d855edd646f19a.zip	1442db04d6455b781ea16db2ad4a43a3f6849f4f3dc4dd0da4bebf1582fa057e	2017-12-16T21:26:12Z	
globalbioticinteractions/cruaud	jar:file:/home/jhpoelen/elton/./datasets/globalbioticinteractions/cruaud/1442db04d6455b781ea16db2ad4a43a3f6849f4f3dc4dd0da4bebf1582fa057e!/cruaud-2774167bee6bcc4a1187ccb606d855edd646f19a/Cruaud_et_al2012_Appendix_S2-wasp_material.csv	88b0fe7c783dedeebda595e966c10ec9289a8e35e516587b0d5609c64fca5555	2017-12-16T21:26:12Z	
globalbioticinteractions/cruaud	https://github.com/globalbioticinteractions/cruaud/archive/2774167bee6bcc4a1187ccb606d855edd646f19a.zip		2017-12-23T21:45:23Z	application/globi
globalbioticinteractions/cruaud	https://github.com/globalbioticinteractions/cruaud/archive/2774167bee6bcc4a1187ccb606d855edd646f19a.zip	1442db04d6455b781ea16db2ad4a43a3f6849f4f3dc4dd0da4bebf1582fa057e	2017-12-23T21:45:24Z	
globalbioticinteractions/cruaud	jar:file:/home/jhpoelen/elton/./datasets/globalbioticinteractions/cruaud/1442db04d6455b781ea16db2ad4a43a3f6849f4f3dc4dd0da4bebf1582fa057e!/cruaud-2774167bee6bcc4a1187ccb606d855edd646f19a/globi.json	244590e00d539ebdf32f32abbce6e5eef779d30c1e13ba0b03b85f6cf949bc2a	2017-12-23T21:45:24Z	
globalbioticinteractions/cruaud	https://github.com/globalbioticinteractions/cruaud/archive/2774167bee6bcc4a1187ccb606d855edd646f19a.zip	1442db04d6455b781ea16db2ad4a43a3f6849f4f3dc4dd0da4bebf1582fa057e	2017-12-23T21:45:24Z	
globalbioticinteractions/cruaud	jar:file:/home/jhpoelen/elton/./datasets/globalbioticinteractions/cruaud/1442db04d6455b781ea16db2ad4a43a3f6849f4f3dc4dd0da4bebf1582fa057e!/cruaud-2774167bee6bcc4a1187ccb606d855edd646f19a/Cruaud_et_al2012_Appendix_S2-wasp_material.csv	88b0fe7c783dedeebda595e966c10ec9289a8e35e516587b0d5609c64fca5555	2017-12-23T21:45:24Z	
globalbioticinteractions/cruaud	https://github.com/globalbioticinteractions/cruaud/archive/2774167bee6bcc4a1187ccb606d855edd646f19a.zip		2017-12-30T21:52:37Z	application/globi
globalbioticinteractions/cruaud	https://github.com/globalbioticinteractions/cruaud/archive/2774167bee6bcc4a1187ccb606d855edd646f19a.zip	1442db04d6455b781ea16db2ad4a43a3f6849f4f3dc4dd0da4bebf1582fa057e	2017-12-30T21:52:38Z	
globalbioticinteractions/cruaud	jar:file:/home/jhpoelen/elton/./datasets/globalbioticinteractions/cruaud/1442db04d6455b781ea16db2ad4a43a3f6849f4f3dc4dd0da4bebf1582fa057e!/cruaud-2774167bee6bcc4a1187ccb606d855edd646f19a/globi.json	244590e00d539ebdf32f32abbce6e5eef779d30c1e13ba0b03b85f6cf949bc2a	2017-12-30T21:52:38Z	
globalbioticinteractions/cruaud	https://github.com/globalbioticinteractions/cruaud/archive/2774167bee6bcc4a1187ccb606d855edd646f19a.zip	1442db04d6455b781ea16db2ad4a43a3f6849f4f3dc4dd0da4bebf1582fa057e	2017-12-30T21:52:38Z	
globalbioticinteractions/cruaud	jar:file:/home/jhpoelen/elton/./datasets/globalbioticinteractions/cruaud/1442db04d6455b781ea16db2ad4a43a3f6849f4f3dc4dd0da4bebf1582fa057e!/cruaud-2774167bee6bcc4a1187ccb606d855edd646f19a/Cruaud_et_al2012_Appendix_S2-wasp_material.csv	88b0fe7c783dedeebda595e966c10ec9289a8e35e516587b0d5609c64fca5555	2017-12-30T21:52:38Z	
globalbioticinteractions/cruaud	https://github.com/globalbioticinteractions/cruaud/archive/2774167bee6bcc4a1187ccb606d855edd646f19a.zip		2018-01-06T11:11:16Z	application/globi
globalbioticinteractions/cruaud	https://github.com/globalbioticinteractions/cruaud/archive/2774167bee6bcc4a1187ccb606d855edd646f19a.zip	1442db04d6455b781ea16db2ad4a43a3f6849f4f3dc4dd0da4bebf1582fa057e	2018-01-06T11:11:17Z	
globalbioticinteractions/cruaud	jar:file:/home/jhpoelen/elton/./datasets/globalbioticinteractions/cruaud/1442db04d6455b781ea16db2ad4a43a3f6849f4f3dc4dd0da4bebf1582fa057e!/cruaud-2774167bee6bcc4a1187ccb606d855edd646f19a/globi.json	244590e00d539ebdf32f32abbce6e5eef779d30c1e13ba0b03b85f6cf949bc2a	2018-01-06T11:11:17Z	
globalbioticinteractions/cruaud	https://github.com/globalbioticinteractions/cruaud/archive/2774167bee6bcc4a1187ccb606d855edd646f19a.zip	1442db04d6455b781ea16db2ad4a43a3f6849f4f3dc4dd0da4bebf1582fa057e	2018-01-06T11:11:17Z	
globalbioticinteractions/cruaud	jar:file:/home/jhpoelen/elton/./datasets/globalbioticinteractions/cruaud/1442db04d6455b781ea16db2ad4a43a3f6849f4f3dc4dd0da4bebf1582fa057e!/cruaud-2774167bee6bcc4a1187ccb606d855edd646f19a/Cruaud_et_al2012_Appendix_S2-wasp_material.csv	88b0fe7c783dedeebda595e966c10ec9289a8e35e516587b0d5609c64fca5555	2018-01-06T11:11:17Z	
globalbioticinteractions/cruaud	https://github.com/globalbioticinteractions/cruaud/archive/2774167bee6bcc4a1187ccb606d855edd646f19a.zip		2018-01-13T11:41:26Z	application/globi
globalbioticinteractions/cruaud	https://github.com/globalbioticinteractions/cruaud/archive/2774167bee6bcc4a1187ccb606d855edd646f19a.zip	1442db04d6455b781ea16db2ad4a43a3f6849f4f3dc4dd0da4bebf1582fa057e	2018-01-13T11:41:27Z	
globalbioticinteractions/cruaud	jar:file:/home/jhpoelen/elton/./datasets/globalbioticinteractions/cruaud/1442db04d6455b781ea16db2ad4a43a3f6849f4f3dc4dd0da4bebf1582fa057e!/cruaud-2774167bee6bcc4a1187ccb606d855edd646f19a/globi.json	244590e00d539ebdf32f32abbce6e5eef779d30c1e13ba0b03b85f6cf949bc2a	2018-01-13T11:41:27Z	
globalbioticinteractions/cruaud	https://github.com/globalbioticinteractions/cruaud/archive/2774167bee6bcc4a1187ccb606d855edd646f19a.zip	1442db04d6455b781ea16db2ad4a43a3f6849f4f3dc4dd0da4bebf1582fa057e	2018-01-13T11:41:27Z	
globalbioticinteractions/cruaud	jar:file:/home/jhpoelen/elton/./datasets/globalbioticinteractions/cruaud/1442db04d6455b781ea16db2ad4a43a3f6849f4f3dc4dd0da4bebf1582fa057e!/cruaud-2774167bee6bcc4a1187ccb606d855edd646f19a/Cruaud_et_al2012_Appendix_S2-wasp_material.csv	88b0fe7c783dedeebda595e966c10ec9289a8e35e516587b0d5609c64fca5555	2018-01-13T11:41:27Z	
globalbioticinteractions/cruaud	https://github.com/globalbioticinteractions/cruaud/archive/2774167bee6bcc4a1187ccb606d855edd646f19a.zip		2018-01-20T12:09:04Z	application/globi
globalbioticinteractions/cruaud	https://github.com/globalbioticinteractions/cruaud/archive/2774167bee6bcc4a1187ccb606d855edd646f19a.zip	1442db04d6455b781ea16db2ad4a43a3f6849f4f3dc4dd0da4bebf1582fa057e	2018-01-20T12:09:04Z	
globalbioticinteractions/cruaud	jar:file:/home/jhpoelen/elton/./datasets/globalbioticinteractions/cruaud/1442db04d6455b781ea16db2ad4a43a3f6849f4f3dc4dd0da4bebf1582fa057e!/cruaud-2774167bee6bcc4a1187ccb606d855edd646f19a/globi.json	244590e00d539ebdf32f32abbce6e5eef779d30c1e13ba0b03b85f6cf949bc2a	2018-01-20T12:09:04Z	
globalbioticinteractions/cruaud	https://github.com/globalbioticinteractions/cruaud/archive/2774167bee6bcc4a1187ccb606d855edd646f19a.zip	1442db04d6455b781ea16db2ad4a43a3f6849f4f3dc4dd0da4bebf1582fa057e	2018-01-20T12:09:05Z	
globalbioticinteractions/cruaud	jar:file:/home/jhpoelen/elton/./datasets/globalbioticinteractions/cruaud/1442db04d6455b781ea16db2ad4a43a3f6849f4f3dc4dd0da4bebf1582fa057e!/cruaud-2774167bee6bcc4a1187ccb606d855edd646f19a/Cruaud_et_al2012_Appendix_S2-wasp_material.csv	88b0fe7c783dedeebda595e966c10ec9289a8e35e516587b0d5609c64fca5555	2018-01-20T12:09:05Z	
globalbioticinteractions/cruaud	https://github.com/globalbioticinteractions/cruaud/archive/2774167bee6bcc4a1187ccb606d855edd646f19a.zip		2018-01-27T09:09:44Z	application/globi
globalbioticinteractions/cruaud	https://github.com/globalbioticinteractions/cruaud/archive/2774167bee6bcc4a1187ccb606d855edd646f19a.zip	1442db04d6455b781ea16db2ad4a43a3f6849f4f3dc4dd0da4bebf1582fa057e	2018-01-27T09:09:44Z	
globalbioticinteractions/cruaud	jar:file:/home/jhpoelen/elton/./datasets/globalbioticinteractions/cruaud/1442db04d6455b781ea16db2ad4a43a3f6849f4f3dc4dd0da4bebf1582fa057e!/cruaud-2774167bee6bcc4a1187ccb606d855edd646f19a/globi.json	244590e00d539ebdf32f32abbce6e5eef779d30c1e13ba0b03b85f6cf949bc2a	2018-01-27T09:09:44Z	
globalbioticinteractions/cruaud	https://github.com/globalbioticinteractions/cruaud/archive/2774167bee6bcc4a1187ccb606d855edd646f19a.zip	1442db04d6455b781ea16db2ad4a43a3f6849f4f3dc4dd0da4bebf1582fa057e	2018-01-27T09:09:44Z	
globalbioticinteractions/cruaud	jar:file:/home/jhpoelen/elton/./datasets/globalbioticinteractions/cruaud/1442db04d6455b781ea16db2ad4a43a3f6849f4f3dc4dd0da4bebf1582fa057e!/cruaud-2774167bee6bcc4a1187ccb606d855edd646f19a/Cruaud_et_al2012_Appendix_S2-wasp_material.csv	88b0fe7c783dedeebda595e966c10ec9289a8e35e516587b0d5609c64fca5555	2018-01-27T09:09:44Z	