millerse/Plant-Disease-Survey	https://zenodo.org/record/258204/files/millerse/Plant-Disease-Survey-v1.0.zip		2017-09-18T17:59:36Z	application/globi
millerse/Plant-Disease-Survey	https://zenodo.org/record/258204/files/millerse/Plant-Disease-Survey-v1.0.zip	8bf948699a7425a8e21634ceea71aa41d9baa36c5333ae57db40d2f2bd52fbfc	2017-09-18T17:59:37Z	
millerse/Plant-Disease-Survey	jar:file:/home/jhpoelen/elton/./datasets/millerse/Plant-Disease-Survey/8bf948699a7425a8e21634ceea71aa41d9baa36c5333ae57db40d2f2bd52fbfc!/millerse-Plant-Disease-Survey-33cb1bb/globi.json	c29dfca1fd0714591cd85bb99cf2df1a589522c25079194eca2a4e28903f3a70	2017-09-18T17:59:37Z	
millerse/Plant-Disease-Survey	jar:file:/home/jhpoelen/elton/./datasets/millerse/Plant-Disease-Survey/8bf948699a7425a8e21634ceea71aa41d9baa36c5333ae57db40d2f2bd52fbfc!/millerse-Plant-Disease-Survey-33cb1bb/interactions.tsv	d4205cfcc1548bca470a27bd1fa681f5af5f331d5be3eaafe606d83ef800ec4a	2017-09-18T17:59:37Z	
millerse/Plant-Disease-Survey	https://zenodo.org/record/258204/files/millerse/Plant-Disease-Survey-v1.0.zip		2017-09-18T22:23:51Z	application/globi
millerse/Plant-Disease-Survey	https://zenodo.org/record/258204/files/millerse/Plant-Disease-Survey-v1.0.zip		2017-09-19T22:25:10Z	application/globi
millerse/Plant-Disease-Survey	https://zenodo.org/record/258204/files/millerse/Plant-Disease-Survey-v1.0.zip		2017-09-20T22:23:53Z	application/globi
millerse/Plant-Disease-Survey	https://zenodo.org/record/258204/files/millerse/Plant-Disease-Survey-v1.0.zip		2017-09-20T22:37:42Z	application/globi
millerse/Plant-Disease-Survey	https://zenodo.org/record/258204/files/millerse/Plant-Disease-Survey-v1.0.zip		2017-09-21T01:29:50Z	application/globi
millerse/Plant-Disease-Survey	https://zenodo.org/record/258204/files/millerse/Plant-Disease-Survey-v1.0.zip		2017-09-21T21:28:25Z	application/globi
millerse/Plant-Disease-Survey	https://zenodo.org/record/258204/files/millerse/Plant-Disease-Survey-v1.0.zip	8bf948699a7425a8e21634ceea71aa41d9baa36c5333ae57db40d2f2bd52fbfc	2017-09-21T21:28:25Z	
millerse/Plant-Disease-Survey	jar:file:/home/jhpoelen/elton/./datasets/millerse/Plant-Disease-Survey/8bf948699a7425a8e21634ceea71aa41d9baa36c5333ae57db40d2f2bd52fbfc!/millerse-Plant-Disease-Survey-33cb1bb/globi.json	c29dfca1fd0714591cd85bb99cf2df1a589522c25079194eca2a4e28903f3a70	2017-09-21T21:28:25Z	
millerse/Plant-Disease-Survey	https://zenodo.org/record/258204/files/millerse/Plant-Disease-Survey-v1.0.zip	8bf948699a7425a8e21634ceea71aa41d9baa36c5333ae57db40d2f2bd52fbfc	2017-09-21T21:28:25Z	
millerse/Plant-Disease-Survey	jar:file:/home/jhpoelen/elton/./datasets/millerse/Plant-Disease-Survey/8bf948699a7425a8e21634ceea71aa41d9baa36c5333ae57db40d2f2bd52fbfc!/millerse-Plant-Disease-Survey-33cb1bb/interactions.tsv	d4205cfcc1548bca470a27bd1fa681f5af5f331d5be3eaafe606d83ef800ec4a	2017-09-21T21:28:26Z	
millerse/Plant-Disease-Survey	https://zenodo.org/record/258204/files/millerse/Plant-Disease-Survey-v1.0.zip		2017-09-22T21:36:46Z	application/globi
millerse/Plant-Disease-Survey	https://zenodo.org/record/258204/files/millerse/Plant-Disease-Survey-v1.0.zip	8bf948699a7425a8e21634ceea71aa41d9baa36c5333ae57db40d2f2bd52fbfc	2017-09-22T21:36:46Z	
millerse/Plant-Disease-Survey	jar:file:/home/jhpoelen/elton/./datasets/millerse/Plant-Disease-Survey/8bf948699a7425a8e21634ceea71aa41d9baa36c5333ae57db40d2f2bd52fbfc!/millerse-Plant-Disease-Survey-33cb1bb/globi.json	c29dfca1fd0714591cd85bb99cf2df1a589522c25079194eca2a4e28903f3a70	2017-09-22T21:36:46Z	
millerse/Plant-Disease-Survey	https://zenodo.org/record/258204/files/millerse/Plant-Disease-Survey-v1.0.zip	8bf948699a7425a8e21634ceea71aa41d9baa36c5333ae57db40d2f2bd52fbfc	2017-09-22T21:36:46Z	
millerse/Plant-Disease-Survey	jar:file:/home/jhpoelen/elton/./datasets/millerse/Plant-Disease-Survey/8bf948699a7425a8e21634ceea71aa41d9baa36c5333ae57db40d2f2bd52fbfc!/millerse-Plant-Disease-Survey-33cb1bb/interactions.tsv	d4205cfcc1548bca470a27bd1fa681f5af5f331d5be3eaafe606d83ef800ec4a	2017-09-22T21:36:46Z	
millerse/Plant-Disease-Survey	https://zenodo.org/record/258204/files/millerse/Plant-Disease-Survey-v1.0.zip		2017-09-23T21:44:29Z	application/globi
millerse/Plant-Disease-Survey	https://zenodo.org/record/258204/files/millerse/Plant-Disease-Survey-v1.0.zip	8bf948699a7425a8e21634ceea71aa41d9baa36c5333ae57db40d2f2bd52fbfc	2017-09-23T21:44:29Z	
millerse/Plant-Disease-Survey	jar:file:/home/jhpoelen/elton/./datasets/millerse/Plant-Disease-Survey/8bf948699a7425a8e21634ceea71aa41d9baa36c5333ae57db40d2f2bd52fbfc!/millerse-Plant-Disease-Survey-33cb1bb/globi.json	c29dfca1fd0714591cd85bb99cf2df1a589522c25079194eca2a4e28903f3a70	2017-09-23T21:44:29Z	
millerse/Plant-Disease-Survey	https://zenodo.org/record/258204/files/millerse/Plant-Disease-Survey-v1.0.zip	8bf948699a7425a8e21634ceea71aa41d9baa36c5333ae57db40d2f2bd52fbfc	2017-09-23T21:44:30Z	
millerse/Plant-Disease-Survey	jar:file:/home/jhpoelen/elton/./datasets/millerse/Plant-Disease-Survey/8bf948699a7425a8e21634ceea71aa41d9baa36c5333ae57db40d2f2bd52fbfc!/millerse-Plant-Disease-Survey-33cb1bb/interactions.tsv	d4205cfcc1548bca470a27bd1fa681f5af5f331d5be3eaafe606d83ef800ec4a	2017-09-23T21:44:30Z	
millerse/Plant-Disease-Survey	https://zenodo.org/record/258204/files/millerse/Plant-Disease-Survey-v1.0.zip		2017-09-24T21:52:14Z	application/globi
millerse/Plant-Disease-Survey	https://zenodo.org/record/258204/files/millerse/Plant-Disease-Survey-v1.0.zip	8bf948699a7425a8e21634ceea71aa41d9baa36c5333ae57db40d2f2bd52fbfc	2017-09-24T21:52:14Z	
millerse/Plant-Disease-Survey	jar:file:/home/jhpoelen/elton/./datasets/millerse/Plant-Disease-Survey/8bf948699a7425a8e21634ceea71aa41d9baa36c5333ae57db40d2f2bd52fbfc!/millerse-Plant-Disease-Survey-33cb1bb/globi.json	c29dfca1fd0714591cd85bb99cf2df1a589522c25079194eca2a4e28903f3a70	2017-09-24T21:52:14Z	
millerse/Plant-Disease-Survey	https://zenodo.org/record/258204/files/millerse/Plant-Disease-Survey-v1.0.zip	8bf948699a7425a8e21634ceea71aa41d9baa36c5333ae57db40d2f2bd52fbfc	2017-09-24T21:52:14Z	
millerse/Plant-Disease-Survey	jar:file:/home/jhpoelen/elton/./datasets/millerse/Plant-Disease-Survey/8bf948699a7425a8e21634ceea71aa41d9baa36c5333ae57db40d2f2bd52fbfc!/millerse-Plant-Disease-Survey-33cb1bb/interactions.tsv	d4205cfcc1548bca470a27bd1fa681f5af5f331d5be3eaafe606d83ef800ec4a	2017-09-24T21:52:14Z	
millerse/Plant-Disease-Survey	https://zenodo.org/record/258204/files/millerse/Plant-Disease-Survey-v1.0.zip		2017-09-25T21:59:20Z	application/globi
millerse/Plant-Disease-Survey	https://zenodo.org/record/258204/files/millerse/Plant-Disease-Survey-v1.0.zip	8bf948699a7425a8e21634ceea71aa41d9baa36c5333ae57db40d2f2bd52fbfc	2017-09-25T21:59:20Z	
millerse/Plant-Disease-Survey	jar:file:/home/jhpoelen/elton/./datasets/millerse/Plant-Disease-Survey/8bf948699a7425a8e21634ceea71aa41d9baa36c5333ae57db40d2f2bd52fbfc!/millerse-Plant-Disease-Survey-33cb1bb/globi.json	c29dfca1fd0714591cd85bb99cf2df1a589522c25079194eca2a4e28903f3a70	2017-09-25T21:59:20Z	
millerse/Plant-Disease-Survey	https://zenodo.org/record/258204/files/millerse/Plant-Disease-Survey-v1.0.zip	8bf948699a7425a8e21634ceea71aa41d9baa36c5333ae57db40d2f2bd52fbfc	2017-09-25T21:59:20Z	
millerse/Plant-Disease-Survey	jar:file:/home/jhpoelen/elton/./datasets/millerse/Plant-Disease-Survey/8bf948699a7425a8e21634ceea71aa41d9baa36c5333ae57db40d2f2bd52fbfc!/millerse-Plant-Disease-Survey-33cb1bb/interactions.tsv	d4205cfcc1548bca470a27bd1fa681f5af5f331d5be3eaafe606d83ef800ec4a	2017-09-25T21:59:20Z	