millerse/Checklist-of-Micro-Organisms-Associated-With-Tree-Seeds-in-the-World	https://zenodo.org/record/582647/files/millerse/Checklist-of-Micro-Organisms-Associated-With-Tree-Seeds-in-the-World-V1.0.zip		2017-09-18T23:10:16Z	application/globi
millerse/Checklist-of-Micro-Organisms-Associated-With-Tree-Seeds-in-the-World	https://zenodo.org/record/582647/files/millerse/Checklist-of-Micro-Organisms-Associated-With-Tree-Seeds-in-the-World-V1.0.zip	6c92631f219b84bb7a3addb2041c45b7d2d036544e3b4994f5aa17dbe0442ca6	2017-09-18T23:10:17Z	
millerse/Checklist-of-Micro-Organisms-Associated-With-Tree-Seeds-in-the-World	jar:file:/home/jhpoelen/elton/./datasets/millerse/Checklist-of-Micro-Organisms-Associated-With-Tree-Seeds-in-the-World/6c92631f219b84bb7a3addb2041c45b7d2d036544e3b4994f5aa17dbe0442ca6!/millerse-Checklist-of-Micro-Organisms-Associated-With-Tree-Seeds-in-the-World-561d0cd/globi.json	729f41b865e41edb090dd03251b7b39f8e6a254953a19d788e5a2eb6e6522220	2017-09-18T23:10:17Z	
millerse/Checklist-of-Micro-Organisms-Associated-With-Tree-Seeds-in-the-World	jar:file:/home/jhpoelen/elton/./datasets/millerse/Checklist-of-Micro-Organisms-Associated-With-Tree-Seeds-in-the-World/6c92631f219b84bb7a3addb2041c45b7d2d036544e3b4994f5aa17dbe0442ca6!/millerse-Checklist-of-Micro-Organisms-Associated-With-Tree-Seeds-in-the-World-561d0cd/interactions.tsv	be1a832643f033ccc195bc0a8c7dad68f0e4a822086b367fd7419364d935c6e5	2017-09-18T23:10:17Z	
millerse/Checklist-of-Micro-Organisms-Associated-With-Tree-Seeds-in-the-World	https://zenodo.org/record/582647/files/millerse/Checklist-of-Micro-Organisms-Associated-With-Tree-Seeds-in-the-World-V1.0.zip		2017-09-19T22:26:23Z	application/globi
millerse/Checklist-of-Micro-Organisms-Associated-With-Tree-Seeds-in-the-World	https://zenodo.org/record/582647/files/millerse/Checklist-of-Micro-Organisms-Associated-With-Tree-Seeds-in-the-World-V1.0.zip		2017-09-20T22:25:23Z	application/globi
millerse/Checklist-of-Micro-Organisms-Associated-With-Tree-Seeds-in-the-World	https://zenodo.org/record/582647/files/millerse/Checklist-of-Micro-Organisms-Associated-With-Tree-Seeds-in-the-World-V1.0.zip		2017-09-20T22:38:42Z	application/globi
millerse/Checklist-of-Micro-Organisms-Associated-With-Tree-Seeds-in-the-World	https://zenodo.org/record/582647/files/millerse/Checklist-of-Micro-Organisms-Associated-With-Tree-Seeds-in-the-World-V1.0.zip		2017-09-21T01:30:50Z	application/globi
millerse/Checklist-of-Micro-Organisms-Associated-With-Tree-Seeds-in-the-World	https://zenodo.org/record/582647/files/millerse/Checklist-of-Micro-Organisms-Associated-With-Tree-Seeds-in-the-World-V1.0.zip		2017-09-21T22:04:00Z	application/globi
millerse/Checklist-of-Micro-Organisms-Associated-With-Tree-Seeds-in-the-World	https://zenodo.org/record/582647/files/millerse/Checklist-of-Micro-Organisms-Associated-With-Tree-Seeds-in-the-World-V1.0.zip	6c92631f219b84bb7a3addb2041c45b7d2d036544e3b4994f5aa17dbe0442ca6	2017-09-21T22:04:00Z	
millerse/Checklist-of-Micro-Organisms-Associated-With-Tree-Seeds-in-the-World	jar:file:/home/jhpoelen/elton/./datasets/millerse/Checklist-of-Micro-Organisms-Associated-With-Tree-Seeds-in-the-World/6c92631f219b84bb7a3addb2041c45b7d2d036544e3b4994f5aa17dbe0442ca6!/millerse-Checklist-of-Micro-Organisms-Associated-With-Tree-Seeds-in-the-World-561d0cd/globi.json	729f41b865e41edb090dd03251b7b39f8e6a254953a19d788e5a2eb6e6522220	2017-09-21T22:04:00Z	
millerse/Checklist-of-Micro-Organisms-Associated-With-Tree-Seeds-in-the-World	https://zenodo.org/record/582647/files/millerse/Checklist-of-Micro-Organisms-Associated-With-Tree-Seeds-in-the-World-V1.0.zip	6c92631f219b84bb7a3addb2041c45b7d2d036544e3b4994f5aa17dbe0442ca6	2017-09-21T22:04:00Z	
millerse/Checklist-of-Micro-Organisms-Associated-With-Tree-Seeds-in-the-World	jar:file:/home/jhpoelen/elton/./datasets/millerse/Checklist-of-Micro-Organisms-Associated-With-Tree-Seeds-in-the-World/6c92631f219b84bb7a3addb2041c45b7d2d036544e3b4994f5aa17dbe0442ca6!/millerse-Checklist-of-Micro-Organisms-Associated-With-Tree-Seeds-in-the-World-561d0cd/interactions.tsv	be1a832643f033ccc195bc0a8c7dad68f0e4a822086b367fd7419364d935c6e5	2017-09-21T22:04:00Z	
millerse/Checklist-of-Micro-Organisms-Associated-With-Tree-Seeds-in-the-World	https://zenodo.org/record/582647/files/millerse/Checklist-of-Micro-Organisms-Associated-With-Tree-Seeds-in-the-World-V1.0.zip		2017-09-22T22:13:53Z	application/globi
millerse/Checklist-of-Micro-Organisms-Associated-With-Tree-Seeds-in-the-World	https://zenodo.org/record/582647/files/millerse/Checklist-of-Micro-Organisms-Associated-With-Tree-Seeds-in-the-World-V1.0.zip	6c92631f219b84bb7a3addb2041c45b7d2d036544e3b4994f5aa17dbe0442ca6	2017-09-22T22:13:53Z	
millerse/Checklist-of-Micro-Organisms-Associated-With-Tree-Seeds-in-the-World	jar:file:/home/jhpoelen/elton/./datasets/millerse/Checklist-of-Micro-Organisms-Associated-With-Tree-Seeds-in-the-World/6c92631f219b84bb7a3addb2041c45b7d2d036544e3b4994f5aa17dbe0442ca6!/millerse-Checklist-of-Micro-Organisms-Associated-With-Tree-Seeds-in-the-World-561d0cd/globi.json	729f41b865e41edb090dd03251b7b39f8e6a254953a19d788e5a2eb6e6522220	2017-09-22T22:13:53Z	
millerse/Checklist-of-Micro-Organisms-Associated-With-Tree-Seeds-in-the-World	https://zenodo.org/record/582647/files/millerse/Checklist-of-Micro-Organisms-Associated-With-Tree-Seeds-in-the-World-V1.0.zip	6c92631f219b84bb7a3addb2041c45b7d2d036544e3b4994f5aa17dbe0442ca6	2017-09-22T22:13:54Z	
millerse/Checklist-of-Micro-Organisms-Associated-With-Tree-Seeds-in-the-World	jar:file:/home/jhpoelen/elton/./datasets/millerse/Checklist-of-Micro-Organisms-Associated-With-Tree-Seeds-in-the-World/6c92631f219b84bb7a3addb2041c45b7d2d036544e3b4994f5aa17dbe0442ca6!/millerse-Checklist-of-Micro-Organisms-Associated-With-Tree-Seeds-in-the-World-561d0cd/interactions.tsv	be1a832643f033ccc195bc0a8c7dad68f0e4a822086b367fd7419364d935c6e5	2017-09-22T22:13:54Z	
millerse/Checklist-of-Micro-Organisms-Associated-With-Tree-Seeds-in-the-World	https://zenodo.org/record/582647/files/millerse/Checklist-of-Micro-Organisms-Associated-With-Tree-Seeds-in-the-World-V1.0.zip		2017-09-23T22:20:51Z	application/globi
millerse/Checklist-of-Micro-Organisms-Associated-With-Tree-Seeds-in-the-World	https://zenodo.org/record/582647/files/millerse/Checklist-of-Micro-Organisms-Associated-With-Tree-Seeds-in-the-World-V1.0.zip	6c92631f219b84bb7a3addb2041c45b7d2d036544e3b4994f5aa17dbe0442ca6	2017-09-23T22:20:51Z	
millerse/Checklist-of-Micro-Organisms-Associated-With-Tree-Seeds-in-the-World	jar:file:/home/jhpoelen/elton/./datasets/millerse/Checklist-of-Micro-Organisms-Associated-With-Tree-Seeds-in-the-World/6c92631f219b84bb7a3addb2041c45b7d2d036544e3b4994f5aa17dbe0442ca6!/millerse-Checklist-of-Micro-Organisms-Associated-With-Tree-Seeds-in-the-World-561d0cd/globi.json	729f41b865e41edb090dd03251b7b39f8e6a254953a19d788e5a2eb6e6522220	2017-09-23T22:20:51Z	
millerse/Checklist-of-Micro-Organisms-Associated-With-Tree-Seeds-in-the-World	https://zenodo.org/record/582647/files/millerse/Checklist-of-Micro-Organisms-Associated-With-Tree-Seeds-in-the-World-V1.0.zip	6c92631f219b84bb7a3addb2041c45b7d2d036544e3b4994f5aa17dbe0442ca6	2017-09-23T22:20:51Z	
millerse/Checklist-of-Micro-Organisms-Associated-With-Tree-Seeds-in-the-World	jar:file:/home/jhpoelen/elton/./datasets/millerse/Checklist-of-Micro-Organisms-Associated-With-Tree-Seeds-in-the-World/6c92631f219b84bb7a3addb2041c45b7d2d036544e3b4994f5aa17dbe0442ca6!/millerse-Checklist-of-Micro-Organisms-Associated-With-Tree-Seeds-in-the-World-561d0cd/interactions.tsv	be1a832643f033ccc195bc0a8c7dad68f0e4a822086b367fd7419364d935c6e5	2017-09-23T22:20:51Z	
millerse/Checklist-of-Micro-Organisms-Associated-With-Tree-Seeds-in-the-World	https://zenodo.org/record/582647/files/millerse/Checklist-of-Micro-Organisms-Associated-With-Tree-Seeds-in-the-World-V1.0.zip		2017-09-24T22:38:42Z	application/globi
millerse/Checklist-of-Micro-Organisms-Associated-With-Tree-Seeds-in-the-World	https://zenodo.org/record/582647/files/millerse/Checklist-of-Micro-Organisms-Associated-With-Tree-Seeds-in-the-World-V1.0.zip	6c92631f219b84bb7a3addb2041c45b7d2d036544e3b4994f5aa17dbe0442ca6	2017-09-24T22:38:42Z	
millerse/Checklist-of-Micro-Organisms-Associated-With-Tree-Seeds-in-the-World	jar:file:/home/jhpoelen/elton/./datasets/millerse/Checklist-of-Micro-Organisms-Associated-With-Tree-Seeds-in-the-World/6c92631f219b84bb7a3addb2041c45b7d2d036544e3b4994f5aa17dbe0442ca6!/millerse-Checklist-of-Micro-Organisms-Associated-With-Tree-Seeds-in-the-World-561d0cd/globi.json	729f41b865e41edb090dd03251b7b39f8e6a254953a19d788e5a2eb6e6522220	2017-09-24T22:38:42Z	
millerse/Checklist-of-Micro-Organisms-Associated-With-Tree-Seeds-in-the-World	https://zenodo.org/record/582647/files/millerse/Checklist-of-Micro-Organisms-Associated-With-Tree-Seeds-in-the-World-V1.0.zip	6c92631f219b84bb7a3addb2041c45b7d2d036544e3b4994f5aa17dbe0442ca6	2017-09-24T22:38:42Z	
millerse/Checklist-of-Micro-Organisms-Associated-With-Tree-Seeds-in-the-World	jar:file:/home/jhpoelen/elton/./datasets/millerse/Checklist-of-Micro-Organisms-Associated-With-Tree-Seeds-in-the-World/6c92631f219b84bb7a3addb2041c45b7d2d036544e3b4994f5aa17dbe0442ca6!/millerse-Checklist-of-Micro-Organisms-Associated-With-Tree-Seeds-in-the-World-561d0cd/interactions.tsv	be1a832643f033ccc195bc0a8c7dad68f0e4a822086b367fd7419364d935c6e5	2017-09-24T22:38:42Z	
millerse/Checklist-of-Micro-Organisms-Associated-With-Tree-Seeds-in-the-World	https://zenodo.org/record/582647/files/millerse/Checklist-of-Micro-Organisms-Associated-With-Tree-Seeds-in-the-World-V1.0.zip		2017-09-25T23:13:05Z	application/globi
millerse/Checklist-of-Micro-Organisms-Associated-With-Tree-Seeds-in-the-World	https://zenodo.org/record/582647/files/millerse/Checklist-of-Micro-Organisms-Associated-With-Tree-Seeds-in-the-World-V1.0.zip	6c92631f219b84bb7a3addb2041c45b7d2d036544e3b4994f5aa17dbe0442ca6	2017-09-25T23:13:06Z	
millerse/Checklist-of-Micro-Organisms-Associated-With-Tree-Seeds-in-the-World	jar:file:/home/jhpoelen/elton/./datasets/millerse/Checklist-of-Micro-Organisms-Associated-With-Tree-Seeds-in-the-World/6c92631f219b84bb7a3addb2041c45b7d2d036544e3b4994f5aa17dbe0442ca6!/millerse-Checklist-of-Micro-Organisms-Associated-With-Tree-Seeds-in-the-World-561d0cd/globi.json	729f41b865e41edb090dd03251b7b39f8e6a254953a19d788e5a2eb6e6522220	2017-09-25T23:13:06Z	
millerse/Checklist-of-Micro-Organisms-Associated-With-Tree-Seeds-in-the-World	https://zenodo.org/record/582647/files/millerse/Checklist-of-Micro-Organisms-Associated-With-Tree-Seeds-in-the-World-V1.0.zip	6c92631f219b84bb7a3addb2041c45b7d2d036544e3b4994f5aa17dbe0442ca6	2017-09-25T23:13:06Z	
millerse/Checklist-of-Micro-Organisms-Associated-With-Tree-Seeds-in-the-World	jar:file:/home/jhpoelen/elton/./datasets/millerse/Checklist-of-Micro-Organisms-Associated-With-Tree-Seeds-in-the-World/6c92631f219b84bb7a3addb2041c45b7d2d036544e3b4994f5aa17dbe0442ca6!/millerse-Checklist-of-Micro-Organisms-Associated-With-Tree-Seeds-in-the-World-561d0cd/interactions.tsv	be1a832643f033ccc195bc0a8c7dad68f0e4a822086b367fd7419364d935c6e5	2017-09-25T23:13:06Z	
millerse/Checklist-of-Micro-Organisms-Associated-With-Tree-Seeds-in-the-World	https://zenodo.org/record/582647/files/millerse/Checklist-of-Micro-Organisms-Associated-With-Tree-Seeds-in-the-World-V1.0.zip		2017-10-02T05:23:58Z	application/globi
millerse/Checklist-of-Micro-Organisms-Associated-With-Tree-Seeds-in-the-World	https://zenodo.org/record/582647/files/millerse/Checklist-of-Micro-Organisms-Associated-With-Tree-Seeds-in-the-World-V1.0.zip	6c92631f219b84bb7a3addb2041c45b7d2d036544e3b4994f5aa17dbe0442ca6	2017-10-02T05:23:58Z	
millerse/Checklist-of-Micro-Organisms-Associated-With-Tree-Seeds-in-the-World	jar:file:/home/jhpoelen/elton/./datasets/millerse/Checklist-of-Micro-Organisms-Associated-With-Tree-Seeds-in-the-World/6c92631f219b84bb7a3addb2041c45b7d2d036544e3b4994f5aa17dbe0442ca6!/millerse-Checklist-of-Micro-Organisms-Associated-With-Tree-Seeds-in-the-World-561d0cd/globi.json	729f41b865e41edb090dd03251b7b39f8e6a254953a19d788e5a2eb6e6522220	2017-10-02T05:23:58Z	
millerse/Checklist-of-Micro-Organisms-Associated-With-Tree-Seeds-in-the-World	https://zenodo.org/record/582647/files/millerse/Checklist-of-Micro-Organisms-Associated-With-Tree-Seeds-in-the-World-V1.0.zip	6c92631f219b84bb7a3addb2041c45b7d2d036544e3b4994f5aa17dbe0442ca6	2017-10-02T05:23:58Z	
millerse/Checklist-of-Micro-Organisms-Associated-With-Tree-Seeds-in-the-World	jar:file:/home/jhpoelen/elton/./datasets/millerse/Checklist-of-Micro-Organisms-Associated-With-Tree-Seeds-in-the-World/6c92631f219b84bb7a3addb2041c45b7d2d036544e3b4994f5aa17dbe0442ca6!/millerse-Checklist-of-Micro-Organisms-Associated-With-Tree-Seeds-in-the-World-561d0cd/interactions.tsv	be1a832643f033ccc195bc0a8c7dad68f0e4a822086b367fd7419364d935c6e5	2017-10-02T05:23:58Z	
millerse/Checklist-of-Micro-Organisms-Associated-With-Tree-Seeds-in-the-World	https://zenodo.org/record/582647/files/millerse/Checklist-of-Micro-Organisms-Associated-With-Tree-Seeds-in-the-World-V1.0.zip		2017-10-14T22:30:55Z	application/globi
millerse/Checklist-of-Micro-Organisms-Associated-With-Tree-Seeds-in-the-World	https://zenodo.org/record/582647/files/millerse/Checklist-of-Micro-Organisms-Associated-With-Tree-Seeds-in-the-World-V1.0.zip	6c92631f219b84bb7a3addb2041c45b7d2d036544e3b4994f5aa17dbe0442ca6	2017-10-14T22:30:55Z	
millerse/Checklist-of-Micro-Organisms-Associated-With-Tree-Seeds-in-the-World	jar:file:/home/jhpoelen/elton/./datasets/millerse/Checklist-of-Micro-Organisms-Associated-With-Tree-Seeds-in-the-World/6c92631f219b84bb7a3addb2041c45b7d2d036544e3b4994f5aa17dbe0442ca6!/millerse-Checklist-of-Micro-Organisms-Associated-With-Tree-Seeds-in-the-World-561d0cd/globi.json	729f41b865e41edb090dd03251b7b39f8e6a254953a19d788e5a2eb6e6522220	2017-10-14T22:30:55Z	
millerse/Checklist-of-Micro-Organisms-Associated-With-Tree-Seeds-in-the-World	https://zenodo.org/record/582647/files/millerse/Checklist-of-Micro-Organisms-Associated-With-Tree-Seeds-in-the-World-V1.0.zip	6c92631f219b84bb7a3addb2041c45b7d2d036544e3b4994f5aa17dbe0442ca6	2017-10-14T22:30:55Z	
millerse/Checklist-of-Micro-Organisms-Associated-With-Tree-Seeds-in-the-World	jar:file:/home/jhpoelen/elton/./datasets/millerse/Checklist-of-Micro-Organisms-Associated-With-Tree-Seeds-in-the-World/6c92631f219b84bb7a3addb2041c45b7d2d036544e3b4994f5aa17dbe0442ca6!/millerse-Checklist-of-Micro-Organisms-Associated-With-Tree-Seeds-in-the-World-561d0cd/interactions.tsv	be1a832643f033ccc195bc0a8c7dad68f0e4a822086b367fd7419364d935c6e5	2017-10-14T22:30:55Z	
millerse/Checklist-of-Micro-Organisms-Associated-With-Tree-Seeds-in-the-World	https://zenodo.org/record/582647/files/millerse/Checklist-of-Micro-Organisms-Associated-With-Tree-Seeds-in-the-World-V1.0.zip		2017-10-21T23:05:25Z	application/globi
millerse/Checklist-of-Micro-Organisms-Associated-With-Tree-Seeds-in-the-World	https://zenodo.org/record/582647/files/millerse/Checklist-of-Micro-Organisms-Associated-With-Tree-Seeds-in-the-World-V1.0.zip	6c92631f219b84bb7a3addb2041c45b7d2d036544e3b4994f5aa17dbe0442ca6	2017-10-21T23:05:26Z	
millerse/Checklist-of-Micro-Organisms-Associated-With-Tree-Seeds-in-the-World	jar:file:/home/jhpoelen/elton/./datasets/millerse/Checklist-of-Micro-Organisms-Associated-With-Tree-Seeds-in-the-World/6c92631f219b84bb7a3addb2041c45b7d2d036544e3b4994f5aa17dbe0442ca6!/millerse-Checklist-of-Micro-Organisms-Associated-With-Tree-Seeds-in-the-World-561d0cd/globi.json	729f41b865e41edb090dd03251b7b39f8e6a254953a19d788e5a2eb6e6522220	2017-10-21T23:05:26Z	
millerse/Checklist-of-Micro-Organisms-Associated-With-Tree-Seeds-in-the-World	https://zenodo.org/record/582647/files/millerse/Checklist-of-Micro-Organisms-Associated-With-Tree-Seeds-in-the-World-V1.0.zip	6c92631f219b84bb7a3addb2041c45b7d2d036544e3b4994f5aa17dbe0442ca6	2017-10-21T23:05:26Z	
millerse/Checklist-of-Micro-Organisms-Associated-With-Tree-Seeds-in-the-World	jar:file:/home/jhpoelen/elton/./datasets/millerse/Checklist-of-Micro-Organisms-Associated-With-Tree-Seeds-in-the-World/6c92631f219b84bb7a3addb2041c45b7d2d036544e3b4994f5aa17dbe0442ca6!/millerse-Checklist-of-Micro-Organisms-Associated-With-Tree-Seeds-in-the-World-561d0cd/interactions.tsv	be1a832643f033ccc195bc0a8c7dad68f0e4a822086b367fd7419364d935c6e5	2017-10-21T23:05:26Z	
millerse/Checklist-of-Micro-Organisms-Associated-With-Tree-Seeds-in-the-World	https://zenodo.org/record/582647/files/millerse/Checklist-of-Micro-Organisms-Associated-With-Tree-Seeds-in-the-World-V1.0.zip		2017-10-28T23:24:28Z	application/globi
millerse/Checklist-of-Micro-Organisms-Associated-With-Tree-Seeds-in-the-World	https://zenodo.org/record/582647/files/millerse/Checklist-of-Micro-Organisms-Associated-With-Tree-Seeds-in-the-World-V1.0.zip	6c92631f219b84bb7a3addb2041c45b7d2d036544e3b4994f5aa17dbe0442ca6	2017-10-28T23:24:28Z	
millerse/Checklist-of-Micro-Organisms-Associated-With-Tree-Seeds-in-the-World	jar:file:/home/jhpoelen/elton/./datasets/millerse/Checklist-of-Micro-Organisms-Associated-With-Tree-Seeds-in-the-World/6c92631f219b84bb7a3addb2041c45b7d2d036544e3b4994f5aa17dbe0442ca6!/millerse-Checklist-of-Micro-Organisms-Associated-With-Tree-Seeds-in-the-World-561d0cd/globi.json	729f41b865e41edb090dd03251b7b39f8e6a254953a19d788e5a2eb6e6522220	2017-10-28T23:24:28Z	
millerse/Checklist-of-Micro-Organisms-Associated-With-Tree-Seeds-in-the-World	https://zenodo.org/record/582647/files/millerse/Checklist-of-Micro-Organisms-Associated-With-Tree-Seeds-in-the-World-V1.0.zip	6c92631f219b84bb7a3addb2041c45b7d2d036544e3b4994f5aa17dbe0442ca6	2017-10-28T23:24:29Z	
millerse/Checklist-of-Micro-Organisms-Associated-With-Tree-Seeds-in-the-World	jar:file:/home/jhpoelen/elton/./datasets/millerse/Checklist-of-Micro-Organisms-Associated-With-Tree-Seeds-in-the-World/6c92631f219b84bb7a3addb2041c45b7d2d036544e3b4994f5aa17dbe0442ca6!/millerse-Checklist-of-Micro-Organisms-Associated-With-Tree-Seeds-in-the-World-561d0cd/interactions.tsv	be1a832643f033ccc195bc0a8c7dad68f0e4a822086b367fd7419364d935c6e5	2017-10-28T23:24:29Z	
millerse/Checklist-of-Micro-Organisms-Associated-With-Tree-Seeds-in-the-World	https://zenodo.org/record/582647/files/millerse/Checklist-of-Micro-Organisms-Associated-With-Tree-Seeds-in-the-World-V1.0.zip		2017-11-05T01:44:13Z	application/globi
millerse/Checklist-of-Micro-Organisms-Associated-With-Tree-Seeds-in-the-World	https://zenodo.org/record/582647/files/millerse/Checklist-of-Micro-Organisms-Associated-With-Tree-Seeds-in-the-World-V1.0.zip	6c92631f219b84bb7a3addb2041c45b7d2d036544e3b4994f5aa17dbe0442ca6	2017-11-05T01:44:14Z	
millerse/Checklist-of-Micro-Organisms-Associated-With-Tree-Seeds-in-the-World	jar:file:/home/jhpoelen/elton/./datasets/millerse/Checklist-of-Micro-Organisms-Associated-With-Tree-Seeds-in-the-World/6c92631f219b84bb7a3addb2041c45b7d2d036544e3b4994f5aa17dbe0442ca6!/millerse-Checklist-of-Micro-Organisms-Associated-With-Tree-Seeds-in-the-World-561d0cd/globi.json	729f41b865e41edb090dd03251b7b39f8e6a254953a19d788e5a2eb6e6522220	2017-11-05T01:44:14Z	
millerse/Checklist-of-Micro-Organisms-Associated-With-Tree-Seeds-in-the-World	https://zenodo.org/record/582647/files/millerse/Checklist-of-Micro-Organisms-Associated-With-Tree-Seeds-in-the-World-V1.0.zip	6c92631f219b84bb7a3addb2041c45b7d2d036544e3b4994f5aa17dbe0442ca6	2017-11-05T01:44:14Z	
millerse/Checklist-of-Micro-Organisms-Associated-With-Tree-Seeds-in-the-World	jar:file:/home/jhpoelen/elton/./datasets/millerse/Checklist-of-Micro-Organisms-Associated-With-Tree-Seeds-in-the-World/6c92631f219b84bb7a3addb2041c45b7d2d036544e3b4994f5aa17dbe0442ca6!/millerse-Checklist-of-Micro-Organisms-Associated-With-Tree-Seeds-in-the-World-561d0cd/interactions.tsv	be1a832643f033ccc195bc0a8c7dad68f0e4a822086b367fd7419364d935c6e5	2017-11-05T01:44:14Z	
millerse/Checklist-of-Micro-Organisms-Associated-With-Tree-Seeds-in-the-World	https://zenodo.org/record/582647/files/millerse/Checklist-of-Micro-Organisms-Associated-With-Tree-Seeds-in-the-World-V1.0.zip		2017-11-07T20:16:43Z	application/globi
millerse/Checklist-of-Micro-Organisms-Associated-With-Tree-Seeds-in-the-World	https://zenodo.org/record/582647/files/millerse/Checklist-of-Micro-Organisms-Associated-With-Tree-Seeds-in-the-World-V1.0.zip	6c92631f219b84bb7a3addb2041c45b7d2d036544e3b4994f5aa17dbe0442ca6	2017-11-07T20:16:44Z	
millerse/Checklist-of-Micro-Organisms-Associated-With-Tree-Seeds-in-the-World	jar:file:/home/jhpoelen/elton/./datasets/millerse/Checklist-of-Micro-Organisms-Associated-With-Tree-Seeds-in-the-World/6c92631f219b84bb7a3addb2041c45b7d2d036544e3b4994f5aa17dbe0442ca6!/millerse-Checklist-of-Micro-Organisms-Associated-With-Tree-Seeds-in-the-World-561d0cd/globi.json	729f41b865e41edb090dd03251b7b39f8e6a254953a19d788e5a2eb6e6522220	2017-11-07T20:16:44Z	
millerse/Checklist-of-Micro-Organisms-Associated-With-Tree-Seeds-in-the-World	https://zenodo.org/record/582647/files/millerse/Checklist-of-Micro-Organisms-Associated-With-Tree-Seeds-in-the-World-V1.0.zip	6c92631f219b84bb7a3addb2041c45b7d2d036544e3b4994f5aa17dbe0442ca6	2017-11-07T20:16:44Z	
millerse/Checklist-of-Micro-Organisms-Associated-With-Tree-Seeds-in-the-World	jar:file:/home/jhpoelen/elton/./datasets/millerse/Checklist-of-Micro-Organisms-Associated-With-Tree-Seeds-in-the-World/6c92631f219b84bb7a3addb2041c45b7d2d036544e3b4994f5aa17dbe0442ca6!/millerse-Checklist-of-Micro-Organisms-Associated-With-Tree-Seeds-in-the-World-561d0cd/interactions.tsv	be1a832643f033ccc195bc0a8c7dad68f0e4a822086b367fd7419364d935c6e5	2017-11-07T20:16:44Z	
millerse/Checklist-of-Micro-Organisms-Associated-With-Tree-Seeds-in-the-World	https://zenodo.org/record/582647/files/millerse/Checklist-of-Micro-Organisms-Associated-With-Tree-Seeds-in-the-World-V1.0.zip		2017-11-14T20:14:56Z	application/globi
millerse/Checklist-of-Micro-Organisms-Associated-With-Tree-Seeds-in-the-World	https://zenodo.org/record/582647/files/millerse/Checklist-of-Micro-Organisms-Associated-With-Tree-Seeds-in-the-World-V1.0.zip	6c92631f219b84bb7a3addb2041c45b7d2d036544e3b4994f5aa17dbe0442ca6	2017-11-14T20:14:56Z	
millerse/Checklist-of-Micro-Organisms-Associated-With-Tree-Seeds-in-the-World	jar:file:/home/jhpoelen/elton/./datasets/millerse/Checklist-of-Micro-Organisms-Associated-With-Tree-Seeds-in-the-World/6c92631f219b84bb7a3addb2041c45b7d2d036544e3b4994f5aa17dbe0442ca6!/millerse-Checklist-of-Micro-Organisms-Associated-With-Tree-Seeds-in-the-World-561d0cd/globi.json	729f41b865e41edb090dd03251b7b39f8e6a254953a19d788e5a2eb6e6522220	2017-11-14T20:14:56Z	
millerse/Checklist-of-Micro-Organisms-Associated-With-Tree-Seeds-in-the-World	https://zenodo.org/record/582647/files/millerse/Checklist-of-Micro-Organisms-Associated-With-Tree-Seeds-in-the-World-V1.0.zip	6c92631f219b84bb7a3addb2041c45b7d2d036544e3b4994f5aa17dbe0442ca6	2017-11-14T20:14:56Z	
millerse/Checklist-of-Micro-Organisms-Associated-With-Tree-Seeds-in-the-World	jar:file:/home/jhpoelen/elton/./datasets/millerse/Checklist-of-Micro-Organisms-Associated-With-Tree-Seeds-in-the-World/6c92631f219b84bb7a3addb2041c45b7d2d036544e3b4994f5aa17dbe0442ca6!/millerse-Checklist-of-Micro-Organisms-Associated-With-Tree-Seeds-in-the-World-561d0cd/interactions.tsv	be1a832643f033ccc195bc0a8c7dad68f0e4a822086b367fd7419364d935c6e5	2017-11-14T20:14:56Z	
millerse/Checklist-of-Micro-Organisms-Associated-With-Tree-Seeds-in-the-World	https://zenodo.org/record/582647/files/millerse/Checklist-of-Micro-Organisms-Associated-With-Tree-Seeds-in-the-World-V1.0.zip		2017-11-21T19:28:53Z	application/globi
millerse/Checklist-of-Micro-Organisms-Associated-With-Tree-Seeds-in-the-World	https://zenodo.org/record/582647/files/millerse/Checklist-of-Micro-Organisms-Associated-With-Tree-Seeds-in-the-World-V1.0.zip	6c92631f219b84bb7a3addb2041c45b7d2d036544e3b4994f5aa17dbe0442ca6	2017-11-21T19:28:53Z	
millerse/Checklist-of-Micro-Organisms-Associated-With-Tree-Seeds-in-the-World	jar:file:/home/jhpoelen/elton/./datasets/millerse/Checklist-of-Micro-Organisms-Associated-With-Tree-Seeds-in-the-World/6c92631f219b84bb7a3addb2041c45b7d2d036544e3b4994f5aa17dbe0442ca6!/millerse-Checklist-of-Micro-Organisms-Associated-With-Tree-Seeds-in-the-World-561d0cd/globi.json	729f41b865e41edb090dd03251b7b39f8e6a254953a19d788e5a2eb6e6522220	2017-11-21T19:28:53Z	
millerse/Checklist-of-Micro-Organisms-Associated-With-Tree-Seeds-in-the-World	https://zenodo.org/record/582647/files/millerse/Checklist-of-Micro-Organisms-Associated-With-Tree-Seeds-in-the-World-V1.0.zip	6c92631f219b84bb7a3addb2041c45b7d2d036544e3b4994f5aa17dbe0442ca6	2017-11-21T19:28:53Z	
millerse/Checklist-of-Micro-Organisms-Associated-With-Tree-Seeds-in-the-World	jar:file:/home/jhpoelen/elton/./datasets/millerse/Checklist-of-Micro-Organisms-Associated-With-Tree-Seeds-in-the-World/6c92631f219b84bb7a3addb2041c45b7d2d036544e3b4994f5aa17dbe0442ca6!/millerse-Checklist-of-Micro-Organisms-Associated-With-Tree-Seeds-in-the-World-561d0cd/interactions.tsv	be1a832643f033ccc195bc0a8c7dad68f0e4a822086b367fd7419364d935c6e5	2017-11-21T19:28:53Z	
millerse/Checklist-of-Micro-Organisms-Associated-With-Tree-Seeds-in-the-World	https://zenodo.org/record/582647/files/millerse/Checklist-of-Micro-Organisms-Associated-With-Tree-Seeds-in-the-World-V1.0.zip		2017-11-28T20:08:15Z	application/globi
millerse/Checklist-of-Micro-Organisms-Associated-With-Tree-Seeds-in-the-World	https://zenodo.org/record/582647/files/millerse/Checklist-of-Micro-Organisms-Associated-With-Tree-Seeds-in-the-World-V1.0.zip	6c92631f219b84bb7a3addb2041c45b7d2d036544e3b4994f5aa17dbe0442ca6	2017-11-28T20:08:15Z	
millerse/Checklist-of-Micro-Organisms-Associated-With-Tree-Seeds-in-the-World	jar:file:/home/jhpoelen/elton/./datasets/millerse/Checklist-of-Micro-Organisms-Associated-With-Tree-Seeds-in-the-World/6c92631f219b84bb7a3addb2041c45b7d2d036544e3b4994f5aa17dbe0442ca6!/millerse-Checklist-of-Micro-Organisms-Associated-With-Tree-Seeds-in-the-World-561d0cd/globi.json	729f41b865e41edb090dd03251b7b39f8e6a254953a19d788e5a2eb6e6522220	2017-11-28T20:08:15Z	
millerse/Checklist-of-Micro-Organisms-Associated-With-Tree-Seeds-in-the-World	https://zenodo.org/record/582647/files/millerse/Checklist-of-Micro-Organisms-Associated-With-Tree-Seeds-in-the-World-V1.0.zip	6c92631f219b84bb7a3addb2041c45b7d2d036544e3b4994f5aa17dbe0442ca6	2017-11-28T20:08:15Z	
millerse/Checklist-of-Micro-Organisms-Associated-With-Tree-Seeds-in-the-World	jar:file:/home/jhpoelen/elton/./datasets/millerse/Checklist-of-Micro-Organisms-Associated-With-Tree-Seeds-in-the-World/6c92631f219b84bb7a3addb2041c45b7d2d036544e3b4994f5aa17dbe0442ca6!/millerse-Checklist-of-Micro-Organisms-Associated-With-Tree-Seeds-in-the-World-561d0cd/interactions.tsv	be1a832643f033ccc195bc0a8c7dad68f0e4a822086b367fd7419364d935c6e5	2017-11-28T20:08:15Z	