globalbioticinteractions/raymond	https://github.com/globalbioticinteractions/raymond/archive/9cd2c5fefda740e19a53f6f1899871a1ec02f5f2.zip		2017-09-18T23:10:48Z	application/globi
globalbioticinteractions/raymond	https://github.com/globalbioticinteractions/raymond/archive/9cd2c5fefda740e19a53f6f1899871a1ec02f5f2.zip	f2bf840fb847ceb620a5561c2d0d38971909412ecd437f8f5a488183102f4b76	2017-09-18T23:10:49Z	
globalbioticinteractions/raymond	jar:file:/home/jhpoelen/elton/./datasets/globalbioticinteractions/raymond/f2bf840fb847ceb620a5561c2d0d38971909412ecd437f8f5a488183102f4b76!/raymond-9cd2c5fefda740e19a53f6f1899871a1ec02f5f2/globi.json	426c93b40d3e803492aa60df3d288166099947f705a0e69253d06ad69605314c	2017-09-18T23:10:49Z	
globalbioticinteractions/raymond	https://github.com/globalbioticinteractions/raymond/archive/9cd2c5fefda740e19a53f6f1899871a1ec02f5f2.zip		2017-09-19T22:26:44Z	application/globi
globalbioticinteractions/raymond	https://github.com/globalbioticinteractions/raymond/archive/9cd2c5fefda740e19a53f6f1899871a1ec02f5f2.zip		2017-09-20T22:25:42Z	application/globi
globalbioticinteractions/raymond	https://github.com/globalbioticinteractions/raymond/archive/9cd2c5fefda740e19a53f6f1899871a1ec02f5f2.zip		2017-09-20T22:39:00Z	application/globi
globalbioticinteractions/raymond	https://github.com/globalbioticinteractions/raymond/archive/9cd2c5fefda740e19a53f6f1899871a1ec02f5f2.zip		2017-09-21T01:31:03Z	application/globi
globalbioticinteractions/raymond	https://github.com/globalbioticinteractions/raymond/archive/9cd2c5fefda740e19a53f6f1899871a1ec02f5f2.zip		2017-09-21T22:04:40Z	application/globi
globalbioticinteractions/raymond	https://github.com/globalbioticinteractions/raymond/archive/9cd2c5fefda740e19a53f6f1899871a1ec02f5f2.zip	f2bf840fb847ceb620a5561c2d0d38971909412ecd437f8f5a488183102f4b76	2017-09-21T22:04:41Z	
globalbioticinteractions/raymond	jar:file:/home/jhpoelen/elton/./datasets/globalbioticinteractions/raymond/f2bf840fb847ceb620a5561c2d0d38971909412ecd437f8f5a488183102f4b76!/raymond-9cd2c5fefda740e19a53f6f1899871a1ec02f5f2/globi.json	426c93b40d3e803492aa60df3d288166099947f705a0e69253d06ad69605314c	2017-09-21T22:04:41Z	
globalbioticinteractions/raymond	https://github.com/globalbioticinteractions/raymond/archive/9cd2c5fefda740e19a53f6f1899871a1ec02f5f2.zip		2017-09-22T22:14:28Z	application/globi
globalbioticinteractions/raymond	https://github.com/globalbioticinteractions/raymond/archive/9cd2c5fefda740e19a53f6f1899871a1ec02f5f2.zip	f2bf840fb847ceb620a5561c2d0d38971909412ecd437f8f5a488183102f4b76	2017-09-22T22:14:29Z	
globalbioticinteractions/raymond	jar:file:/home/jhpoelen/elton/./datasets/globalbioticinteractions/raymond/f2bf840fb847ceb620a5561c2d0d38971909412ecd437f8f5a488183102f4b76!/raymond-9cd2c5fefda740e19a53f6f1899871a1ec02f5f2/globi.json	426c93b40d3e803492aa60df3d288166099947f705a0e69253d06ad69605314c	2017-09-22T22:14:29Z	
globalbioticinteractions/raymond	https://github.com/globalbioticinteractions/raymond/archive/9cd2c5fefda740e19a53f6f1899871a1ec02f5f2.zip		2017-09-23T22:21:27Z	application/globi
globalbioticinteractions/raymond	https://github.com/globalbioticinteractions/raymond/archive/9cd2c5fefda740e19a53f6f1899871a1ec02f5f2.zip	f2bf840fb847ceb620a5561c2d0d38971909412ecd437f8f5a488183102f4b76	2017-09-23T22:21:27Z	
globalbioticinteractions/raymond	jar:file:/home/jhpoelen/elton/./datasets/globalbioticinteractions/raymond/f2bf840fb847ceb620a5561c2d0d38971909412ecd437f8f5a488183102f4b76!/raymond-9cd2c5fefda740e19a53f6f1899871a1ec02f5f2/globi.json	426c93b40d3e803492aa60df3d288166099947f705a0e69253d06ad69605314c	2017-09-23T22:21:27Z	
globalbioticinteractions/raymond	https://github.com/globalbioticinteractions/raymond/archive/9cd2c5fefda740e19a53f6f1899871a1ec02f5f2.zip		2017-09-24T22:39:18Z	application/globi
globalbioticinteractions/raymond	https://github.com/globalbioticinteractions/raymond/archive/9cd2c5fefda740e19a53f6f1899871a1ec02f5f2.zip	f2bf840fb847ceb620a5561c2d0d38971909412ecd437f8f5a488183102f4b76	2017-09-24T22:39:19Z	
globalbioticinteractions/raymond	jar:file:/home/jhpoelen/elton/./datasets/globalbioticinteractions/raymond/f2bf840fb847ceb620a5561c2d0d38971909412ecd437f8f5a488183102f4b76!/raymond-9cd2c5fefda740e19a53f6f1899871a1ec02f5f2/globi.json	426c93b40d3e803492aa60df3d288166099947f705a0e69253d06ad69605314c	2017-09-24T22:39:19Z	
globalbioticinteractions/raymond	https://github.com/globalbioticinteractions/raymond/archive/9cd2c5fefda740e19a53f6f1899871a1ec02f5f2.zip		2017-09-25T16:55:54Z	application/globi
globalbioticinteractions/raymond	https://github.com/globalbioticinteractions/raymond/archive/9cd2c5fefda740e19a53f6f1899871a1ec02f5f2.zip	f2bf840fb847ceb620a5561c2d0d38971909412ecd437f8f5a488183102f4b76	2017-09-25T16:55:55Z	
globalbioticinteractions/raymond	jar:file:/home/jhpoelen/elton/./datasets/globalbioticinteractions/raymond/f2bf840fb847ceb620a5561c2d0d38971909412ecd437f8f5a488183102f4b76!/raymond-9cd2c5fefda740e19a53f6f1899871a1ec02f5f2/globi.json	426c93b40d3e803492aa60df3d288166099947f705a0e69253d06ad69605314c	2017-09-25T16:55:55Z	
globalbioticinteractions/raymond	https://data.aad.gov.au/aadc/trophic/trophic.zip	2c50ad9c64ae8e5620c4ffc16b56a3675cc4078a8f89ed0c9b90365b6a45362f	2017-09-25T16:56:09Z	
globalbioticinteractions/raymond	https://github.com/globalbioticinteractions/raymond/archive/9cd2c5fefda740e19a53f6f1899871a1ec02f5f2.zip		2017-09-25T23:13:55Z	application/globi
globalbioticinteractions/raymond	https://github.com/globalbioticinteractions/raymond/archive/9cd2c5fefda740e19a53f6f1899871a1ec02f5f2.zip	f2bf840fb847ceb620a5561c2d0d38971909412ecd437f8f5a488183102f4b76	2017-09-25T23:13:55Z	
globalbioticinteractions/raymond	jar:file:/home/jhpoelen/elton/./datasets/globalbioticinteractions/raymond/f2bf840fb847ceb620a5561c2d0d38971909412ecd437f8f5a488183102f4b76!/raymond-9cd2c5fefda740e19a53f6f1899871a1ec02f5f2/globi.json	426c93b40d3e803492aa60df3d288166099947f705a0e69253d06ad69605314c	2017-09-25T23:13:55Z	
globalbioticinteractions/raymond	https://data.aad.gov.au/aadc/trophic/trophic.zip	2c50ad9c64ae8e5620c4ffc16b56a3675cc4078a8f89ed0c9b90365b6a45362f	2017-09-25T23:14:09Z	
globalbioticinteractions/raymond	https://github.com/globalbioticinteractions/raymond/archive/9cd2c5fefda740e19a53f6f1899871a1ec02f5f2.zip		2017-10-02T05:24:34Z	application/globi
globalbioticinteractions/raymond	https://github.com/globalbioticinteractions/raymond/archive/9cd2c5fefda740e19a53f6f1899871a1ec02f5f2.zip	f2bf840fb847ceb620a5561c2d0d38971909412ecd437f8f5a488183102f4b76	2017-10-02T05:24:34Z	
globalbioticinteractions/raymond	jar:file:/home/jhpoelen/elton/./datasets/globalbioticinteractions/raymond/f2bf840fb847ceb620a5561c2d0d38971909412ecd437f8f5a488183102f4b76!/raymond-9cd2c5fefda740e19a53f6f1899871a1ec02f5f2/globi.json	426c93b40d3e803492aa60df3d288166099947f705a0e69253d06ad69605314c	2017-10-02T05:24:34Z	
globalbioticinteractions/raymond	https://data.aad.gov.au/aadc/trophic/trophic.zip	2c50ad9c64ae8e5620c4ffc16b56a3675cc4078a8f89ed0c9b90365b6a45362f	2017-10-02T05:24:49Z	
globalbioticinteractions/raymond	https://github.com/globalbioticinteractions/raymond/archive/9cd2c5fefda740e19a53f6f1899871a1ec02f5f2.zip		2017-10-14T22:31:55Z	application/globi
globalbioticinteractions/raymond	https://github.com/globalbioticinteractions/raymond/archive/9cd2c5fefda740e19a53f6f1899871a1ec02f5f2.zip	f2bf840fb847ceb620a5561c2d0d38971909412ecd437f8f5a488183102f4b76	2017-10-14T22:31:55Z	
globalbioticinteractions/raymond	jar:file:/home/jhpoelen/elton/./datasets/globalbioticinteractions/raymond/f2bf840fb847ceb620a5561c2d0d38971909412ecd437f8f5a488183102f4b76!/raymond-9cd2c5fefda740e19a53f6f1899871a1ec02f5f2/globi.json	426c93b40d3e803492aa60df3d288166099947f705a0e69253d06ad69605314c	2017-10-14T22:31:55Z	
globalbioticinteractions/raymond	https://data.aad.gov.au/aadc/trophic/trophic.zip	2c50ad9c64ae8e5620c4ffc16b56a3675cc4078a8f89ed0c9b90365b6a45362f	2017-10-14T22:32:09Z	
globalbioticinteractions/raymond	https://github.com/globalbioticinteractions/raymond/archive/9cd2c5fefda740e19a53f6f1899871a1ec02f5f2.zip		2017-10-21T23:06:35Z	application/globi
globalbioticinteractions/raymond	https://github.com/globalbioticinteractions/raymond/archive/9cd2c5fefda740e19a53f6f1899871a1ec02f5f2.zip	f2bf840fb847ceb620a5561c2d0d38971909412ecd437f8f5a488183102f4b76	2017-10-21T23:06:35Z	
globalbioticinteractions/raymond	jar:file:/home/jhpoelen/elton/./datasets/globalbioticinteractions/raymond/f2bf840fb847ceb620a5561c2d0d38971909412ecd437f8f5a488183102f4b76!/raymond-9cd2c5fefda740e19a53f6f1899871a1ec02f5f2/globi.json	426c93b40d3e803492aa60df3d288166099947f705a0e69253d06ad69605314c	2017-10-21T23:06:35Z	
globalbioticinteractions/raymond	https://data.aad.gov.au/aadc/trophic/trophic.zip	2c50ad9c64ae8e5620c4ffc16b56a3675cc4078a8f89ed0c9b90365b6a45362f	2017-10-21T23:06:49Z	
globalbioticinteractions/raymond	https://github.com/globalbioticinteractions/raymond/archive/9cd2c5fefda740e19a53f6f1899871a1ec02f5f2.zip		2017-10-28T23:25:30Z	application/globi
globalbioticinteractions/raymond	https://github.com/globalbioticinteractions/raymond/archive/9cd2c5fefda740e19a53f6f1899871a1ec02f5f2.zip	f2bf840fb847ceb620a5561c2d0d38971909412ecd437f8f5a488183102f4b76	2017-10-28T23:25:30Z	
globalbioticinteractions/raymond	jar:file:/home/jhpoelen/elton/./datasets/globalbioticinteractions/raymond/f2bf840fb847ceb620a5561c2d0d38971909412ecd437f8f5a488183102f4b76!/raymond-9cd2c5fefda740e19a53f6f1899871a1ec02f5f2/globi.json	426c93b40d3e803492aa60df3d288166099947f705a0e69253d06ad69605314c	2017-10-28T23:25:30Z	
globalbioticinteractions/raymond	https://data.aad.gov.au/aadc/trophic/trophic.zip	2c50ad9c64ae8e5620c4ffc16b56a3675cc4078a8f89ed0c9b90365b6a45362f	2017-10-28T23:25:44Z	
globalbioticinteractions/raymond	https://github.com/globalbioticinteractions/raymond/archive/9cd2c5fefda740e19a53f6f1899871a1ec02f5f2.zip		2017-11-05T01:45:20Z	application/globi
globalbioticinteractions/raymond	https://github.com/globalbioticinteractions/raymond/archive/9cd2c5fefda740e19a53f6f1899871a1ec02f5f2.zip	f2bf840fb847ceb620a5561c2d0d38971909412ecd437f8f5a488183102f4b76	2017-11-05T01:45:20Z	
globalbioticinteractions/raymond	jar:file:/home/jhpoelen/elton/./datasets/globalbioticinteractions/raymond/f2bf840fb847ceb620a5561c2d0d38971909412ecd437f8f5a488183102f4b76!/raymond-9cd2c5fefda740e19a53f6f1899871a1ec02f5f2/globi.json	426c93b40d3e803492aa60df3d288166099947f705a0e69253d06ad69605314c	2017-11-05T01:45:20Z	
globalbioticinteractions/raymond	https://data.aad.gov.au/aadc/trophic/trophic.zip	2c50ad9c64ae8e5620c4ffc16b56a3675cc4078a8f89ed0c9b90365b6a45362f	2017-11-05T01:45:35Z	
globalbioticinteractions/raymond	https://github.com/globalbioticinteractions/raymond/archive/9cd2c5fefda740e19a53f6f1899871a1ec02f5f2.zip		2017-11-07T20:17:46Z	application/globi
globalbioticinteractions/raymond	https://github.com/globalbioticinteractions/raymond/archive/9cd2c5fefda740e19a53f6f1899871a1ec02f5f2.zip	f2bf840fb847ceb620a5561c2d0d38971909412ecd437f8f5a488183102f4b76	2017-11-07T20:17:46Z	
globalbioticinteractions/raymond	jar:file:/home/jhpoelen/elton/./datasets/globalbioticinteractions/raymond/f2bf840fb847ceb620a5561c2d0d38971909412ecd437f8f5a488183102f4b76!/raymond-9cd2c5fefda740e19a53f6f1899871a1ec02f5f2/globi.json	426c93b40d3e803492aa60df3d288166099947f705a0e69253d06ad69605314c	2017-11-07T20:17:46Z	
globalbioticinteractions/raymond	https://data.aad.gov.au/aadc/trophic/trophic.zip	2c50ad9c64ae8e5620c4ffc16b56a3675cc4078a8f89ed0c9b90365b6a45362f	2017-11-07T20:18:00Z	
globalbioticinteractions/raymond	https://github.com/globalbioticinteractions/raymond/archive/9cd2c5fefda740e19a53f6f1899871a1ec02f5f2.zip		2017-11-14T20:15:59Z	application/globi
globalbioticinteractions/raymond	https://github.com/globalbioticinteractions/raymond/archive/9cd2c5fefda740e19a53f6f1899871a1ec02f5f2.zip	f2bf840fb847ceb620a5561c2d0d38971909412ecd437f8f5a488183102f4b76	2017-11-14T20:15:59Z	
globalbioticinteractions/raymond	jar:file:/home/jhpoelen/elton/./datasets/globalbioticinteractions/raymond/f2bf840fb847ceb620a5561c2d0d38971909412ecd437f8f5a488183102f4b76!/raymond-9cd2c5fefda740e19a53f6f1899871a1ec02f5f2/globi.json	426c93b40d3e803492aa60df3d288166099947f705a0e69253d06ad69605314c	2017-11-14T20:15:59Z	
globalbioticinteractions/raymond	https://data.aad.gov.au/aadc/trophic/trophic.zip	2c50ad9c64ae8e5620c4ffc16b56a3675cc4078a8f89ed0c9b90365b6a45362f	2017-11-14T20:16:14Z	
globalbioticinteractions/raymond	https://github.com/globalbioticinteractions/raymond/archive/9cd2c5fefda740e19a53f6f1899871a1ec02f5f2.zip		2017-11-21T19:30:25Z	application/globi
globalbioticinteractions/raymond	https://github.com/globalbioticinteractions/raymond/archive/9cd2c5fefda740e19a53f6f1899871a1ec02f5f2.zip	f2bf840fb847ceb620a5561c2d0d38971909412ecd437f8f5a488183102f4b76	2017-11-21T19:30:25Z	
globalbioticinteractions/raymond	jar:file:/home/jhpoelen/elton/./datasets/globalbioticinteractions/raymond/f2bf840fb847ceb620a5561c2d0d38971909412ecd437f8f5a488183102f4b76!/raymond-9cd2c5fefda740e19a53f6f1899871a1ec02f5f2/globi.json	426c93b40d3e803492aa60df3d288166099947f705a0e69253d06ad69605314c	2017-11-21T19:30:25Z	
globalbioticinteractions/raymond	https://data.aad.gov.au/aadc/trophic/trophic.zip	2c50ad9c64ae8e5620c4ffc16b56a3675cc4078a8f89ed0c9b90365b6a45362f	2017-11-21T19:30:39Z	
globalbioticinteractions/raymond	https://github.com/globalbioticinteractions/raymond/archive/9cd2c5fefda740e19a53f6f1899871a1ec02f5f2.zip		2017-11-28T20:09:46Z	application/globi
globalbioticinteractions/raymond	https://github.com/globalbioticinteractions/raymond/archive/9cd2c5fefda740e19a53f6f1899871a1ec02f5f2.zip	f2bf840fb847ceb620a5561c2d0d38971909412ecd437f8f5a488183102f4b76	2017-11-28T20:09:46Z	
globalbioticinteractions/raymond	jar:file:/home/jhpoelen/elton/./datasets/globalbioticinteractions/raymond/f2bf840fb847ceb620a5561c2d0d38971909412ecd437f8f5a488183102f4b76!/raymond-9cd2c5fefda740e19a53f6f1899871a1ec02f5f2/globi.json	426c93b40d3e803492aa60df3d288166099947f705a0e69253d06ad69605314c	2017-11-28T20:09:46Z	
globalbioticinteractions/raymond	https://data.aad.gov.au/aadc/trophic/trophic.zip	2c50ad9c64ae8e5620c4ffc16b56a3675cc4078a8f89ed0c9b90365b6a45362f	2017-11-28T20:10:01Z	