millerse/Wharton-and-Marsh-1978.-New-World-Opiinae	https://github.com/millerse/Wharton-and-Marsh-1978.-New-World-Opiinae/archive/5e6ca4a365cc982805ccad588dc129d4bb230f4e.zip		2017-09-18T18:06:31Z	application/globi
millerse/Wharton-and-Marsh-1978.-New-World-Opiinae	https://github.com/millerse/Wharton-and-Marsh-1978.-New-World-Opiinae/archive/5e6ca4a365cc982805ccad588dc129d4bb230f4e.zip	28421efb2c2c662b36bcc5986c3b4eeea04ff47fafe5a83675bd66f170237aff	2017-09-18T18:06:31Z	
millerse/Wharton-and-Marsh-1978.-New-World-Opiinae	jar:file:/home/jhpoelen/elton/./datasets/millerse/Wharton-and-Marsh-1978.-New-World-Opiinae/28421efb2c2c662b36bcc5986c3b4eeea04ff47fafe5a83675bd66f170237aff!/Wharton-and-Marsh-1978.-New-World-Opiinae-5e6ca4a365cc982805ccad588dc129d4bb230f4e/globi.json	2c74c72a4d58d0c015443c1382e0673549e05695309bb7106f82fe8d6d5ca330	2017-09-18T18:06:31Z	
millerse/Wharton-and-Marsh-1978.-New-World-Opiinae	jar:file:/home/jhpoelen/elton/./datasets/millerse/Wharton-and-Marsh-1978.-New-World-Opiinae/28421efb2c2c662b36bcc5986c3b4eeea04ff47fafe5a83675bd66f170237aff!/Wharton-and-Marsh-1978.-New-World-Opiinae-5e6ca4a365cc982805ccad588dc129d4bb230f4e/interactions.tsv	5e70de75ec326fa1ccdfbfb896f129a107b37b591e00f68b02e42a27f507de45	2017-09-18T18:06:31Z	
millerse/Wharton-and-Marsh-1978.-New-World-Opiinae	https://github.com/millerse/Wharton-and-Marsh-1978.-New-World-Opiinae/archive/5e6ca4a365cc982805ccad588dc129d4bb230f4e.zip		2017-09-18T22:24:08Z	application/globi
millerse/Wharton-and-Marsh-1978.-New-World-Opiinae	https://github.com/millerse/Wharton-and-Marsh-1978.-New-World-Opiinae/archive/5e6ca4a365cc982805ccad588dc129d4bb230f4e.zip		2017-09-19T22:25:28Z	application/globi
millerse/Wharton-and-Marsh-1978.-New-World-Opiinae	https://github.com/millerse/Wharton-and-Marsh-1978.-New-World-Opiinae/archive/5e6ca4a365cc982805ccad588dc129d4bb230f4e.zip		2017-09-20T22:24:21Z	application/globi
millerse/Wharton-and-Marsh-1978.-New-World-Opiinae	https://github.com/millerse/Wharton-and-Marsh-1978.-New-World-Opiinae/archive/5e6ca4a365cc982805ccad588dc129d4bb230f4e.zip		2017-09-20T22:37:57Z	application/globi
millerse/Wharton-and-Marsh-1978.-New-World-Opiinae	https://github.com/millerse/Wharton-and-Marsh-1978.-New-World-Opiinae/archive/5e6ca4a365cc982805ccad588dc129d4bb230f4e.zip		2017-09-21T01:30:06Z	application/globi
millerse/Wharton-and-Marsh-1978.-New-World-Opiinae	https://github.com/millerse/Wharton-and-Marsh-1978.-New-World-Opiinae/archive/5e6ca4a365cc982805ccad588dc129d4bb230f4e.zip		2017-09-21T21:36:59Z	application/globi
millerse/Wharton-and-Marsh-1978.-New-World-Opiinae	https://github.com/millerse/Wharton-and-Marsh-1978.-New-World-Opiinae/archive/5e6ca4a365cc982805ccad588dc129d4bb230f4e.zip	28421efb2c2c662b36bcc5986c3b4eeea04ff47fafe5a83675bd66f170237aff	2017-09-21T21:37:00Z	
millerse/Wharton-and-Marsh-1978.-New-World-Opiinae	jar:file:/home/jhpoelen/elton/./datasets/millerse/Wharton-and-Marsh-1978.-New-World-Opiinae/28421efb2c2c662b36bcc5986c3b4eeea04ff47fafe5a83675bd66f170237aff!/Wharton-and-Marsh-1978.-New-World-Opiinae-5e6ca4a365cc982805ccad588dc129d4bb230f4e/globi.json	2c74c72a4d58d0c015443c1382e0673549e05695309bb7106f82fe8d6d5ca330	2017-09-21T21:37:00Z	
millerse/Wharton-and-Marsh-1978.-New-World-Opiinae	https://github.com/millerse/Wharton-and-Marsh-1978.-New-World-Opiinae/archive/5e6ca4a365cc982805ccad588dc129d4bb230f4e.zip	28421efb2c2c662b36bcc5986c3b4eeea04ff47fafe5a83675bd66f170237aff	2017-09-21T21:37:00Z	
millerse/Wharton-and-Marsh-1978.-New-World-Opiinae	jar:file:/home/jhpoelen/elton/./datasets/millerse/Wharton-and-Marsh-1978.-New-World-Opiinae/28421efb2c2c662b36bcc5986c3b4eeea04ff47fafe5a83675bd66f170237aff!/Wharton-and-Marsh-1978.-New-World-Opiinae-5e6ca4a365cc982805ccad588dc129d4bb230f4e/interactions.tsv	5e70de75ec326fa1ccdfbfb896f129a107b37b591e00f68b02e42a27f507de45	2017-09-21T21:37:00Z	
millerse/Wharton-and-Marsh-1978.-New-World-Opiinae	https://github.com/millerse/Wharton-and-Marsh-1978.-New-World-Opiinae/archive/5e6ca4a365cc982805ccad588dc129d4bb230f4e.zip		2017-09-22T21:44:35Z	application/globi
millerse/Wharton-and-Marsh-1978.-New-World-Opiinae	https://github.com/millerse/Wharton-and-Marsh-1978.-New-World-Opiinae/archive/5e6ca4a365cc982805ccad588dc129d4bb230f4e.zip	28421efb2c2c662b36bcc5986c3b4eeea04ff47fafe5a83675bd66f170237aff	2017-09-22T21:44:35Z	
millerse/Wharton-and-Marsh-1978.-New-World-Opiinae	jar:file:/home/jhpoelen/elton/./datasets/millerse/Wharton-and-Marsh-1978.-New-World-Opiinae/28421efb2c2c662b36bcc5986c3b4eeea04ff47fafe5a83675bd66f170237aff!/Wharton-and-Marsh-1978.-New-World-Opiinae-5e6ca4a365cc982805ccad588dc129d4bb230f4e/globi.json	2c74c72a4d58d0c015443c1382e0673549e05695309bb7106f82fe8d6d5ca330	2017-09-22T21:44:35Z	
millerse/Wharton-and-Marsh-1978.-New-World-Opiinae	https://github.com/millerse/Wharton-and-Marsh-1978.-New-World-Opiinae/archive/5e6ca4a365cc982805ccad588dc129d4bb230f4e.zip	28421efb2c2c662b36bcc5986c3b4eeea04ff47fafe5a83675bd66f170237aff	2017-09-22T21:44:35Z	
millerse/Wharton-and-Marsh-1978.-New-World-Opiinae	jar:file:/home/jhpoelen/elton/./datasets/millerse/Wharton-and-Marsh-1978.-New-World-Opiinae/28421efb2c2c662b36bcc5986c3b4eeea04ff47fafe5a83675bd66f170237aff!/Wharton-and-Marsh-1978.-New-World-Opiinae-5e6ca4a365cc982805ccad588dc129d4bb230f4e/interactions.tsv	5e70de75ec326fa1ccdfbfb896f129a107b37b591e00f68b02e42a27f507de45	2017-09-22T21:44:35Z	
millerse/Wharton-and-Marsh-1978.-New-World-Opiinae	https://github.com/millerse/Wharton-and-Marsh-1978.-New-World-Opiinae/archive/5e6ca4a365cc982805ccad588dc129d4bb230f4e.zip		2017-09-23T21:51:55Z	application/globi
millerse/Wharton-and-Marsh-1978.-New-World-Opiinae	https://github.com/millerse/Wharton-and-Marsh-1978.-New-World-Opiinae/archive/5e6ca4a365cc982805ccad588dc129d4bb230f4e.zip	28421efb2c2c662b36bcc5986c3b4eeea04ff47fafe5a83675bd66f170237aff	2017-09-23T21:51:55Z	
millerse/Wharton-and-Marsh-1978.-New-World-Opiinae	jar:file:/home/jhpoelen/elton/./datasets/millerse/Wharton-and-Marsh-1978.-New-World-Opiinae/28421efb2c2c662b36bcc5986c3b4eeea04ff47fafe5a83675bd66f170237aff!/Wharton-and-Marsh-1978.-New-World-Opiinae-5e6ca4a365cc982805ccad588dc129d4bb230f4e/globi.json	2c74c72a4d58d0c015443c1382e0673549e05695309bb7106f82fe8d6d5ca330	2017-09-23T21:51:55Z	
millerse/Wharton-and-Marsh-1978.-New-World-Opiinae	https://github.com/millerse/Wharton-and-Marsh-1978.-New-World-Opiinae/archive/5e6ca4a365cc982805ccad588dc129d4bb230f4e.zip	28421efb2c2c662b36bcc5986c3b4eeea04ff47fafe5a83675bd66f170237aff	2017-09-23T21:51:55Z	
millerse/Wharton-and-Marsh-1978.-New-World-Opiinae	jar:file:/home/jhpoelen/elton/./datasets/millerse/Wharton-and-Marsh-1978.-New-World-Opiinae/28421efb2c2c662b36bcc5986c3b4eeea04ff47fafe5a83675bd66f170237aff!/Wharton-and-Marsh-1978.-New-World-Opiinae-5e6ca4a365cc982805ccad588dc129d4bb230f4e/interactions.tsv	5e70de75ec326fa1ccdfbfb896f129a107b37b591e00f68b02e42a27f507de45	2017-09-23T21:51:55Z	
millerse/Wharton-and-Marsh-1978.-New-World-Opiinae	https://github.com/millerse/Wharton-and-Marsh-1978.-New-World-Opiinae/archive/5e6ca4a365cc982805ccad588dc129d4bb230f4e.zip		2017-09-24T21:59:40Z	application/globi
millerse/Wharton-and-Marsh-1978.-New-World-Opiinae	https://github.com/millerse/Wharton-and-Marsh-1978.-New-World-Opiinae/archive/5e6ca4a365cc982805ccad588dc129d4bb230f4e.zip	28421efb2c2c662b36bcc5986c3b4eeea04ff47fafe5a83675bd66f170237aff	2017-09-24T21:59:41Z	
millerse/Wharton-and-Marsh-1978.-New-World-Opiinae	jar:file:/home/jhpoelen/elton/./datasets/millerse/Wharton-and-Marsh-1978.-New-World-Opiinae/28421efb2c2c662b36bcc5986c3b4eeea04ff47fafe5a83675bd66f170237aff!/Wharton-and-Marsh-1978.-New-World-Opiinae-5e6ca4a365cc982805ccad588dc129d4bb230f4e/globi.json	2c74c72a4d58d0c015443c1382e0673549e05695309bb7106f82fe8d6d5ca330	2017-09-24T21:59:41Z	
millerse/Wharton-and-Marsh-1978.-New-World-Opiinae	https://github.com/millerse/Wharton-and-Marsh-1978.-New-World-Opiinae/archive/5e6ca4a365cc982805ccad588dc129d4bb230f4e.zip	28421efb2c2c662b36bcc5986c3b4eeea04ff47fafe5a83675bd66f170237aff	2017-09-24T21:59:41Z	
millerse/Wharton-and-Marsh-1978.-New-World-Opiinae	jar:file:/home/jhpoelen/elton/./datasets/millerse/Wharton-and-Marsh-1978.-New-World-Opiinae/28421efb2c2c662b36bcc5986c3b4eeea04ff47fafe5a83675bd66f170237aff!/Wharton-and-Marsh-1978.-New-World-Opiinae-5e6ca4a365cc982805ccad588dc129d4bb230f4e/interactions.tsv	5e70de75ec326fa1ccdfbfb896f129a107b37b591e00f68b02e42a27f507de45	2017-09-24T21:59:41Z	
millerse/Wharton-and-Marsh-1978.-New-World-Opiinae	https://github.com/millerse/Wharton-and-Marsh-1978.-New-World-Opiinae/archive/5e6ca4a365cc982805ccad588dc129d4bb230f4e.zip		2017-09-25T22:07:00Z	application/globi
millerse/Wharton-and-Marsh-1978.-New-World-Opiinae	https://github.com/millerse/Wharton-and-Marsh-1978.-New-World-Opiinae/archive/5e6ca4a365cc982805ccad588dc129d4bb230f4e.zip	28421efb2c2c662b36bcc5986c3b4eeea04ff47fafe5a83675bd66f170237aff	2017-09-25T22:07:00Z	
millerse/Wharton-and-Marsh-1978.-New-World-Opiinae	jar:file:/home/jhpoelen/elton/./datasets/millerse/Wharton-and-Marsh-1978.-New-World-Opiinae/28421efb2c2c662b36bcc5986c3b4eeea04ff47fafe5a83675bd66f170237aff!/Wharton-and-Marsh-1978.-New-World-Opiinae-5e6ca4a365cc982805ccad588dc129d4bb230f4e/globi.json	2c74c72a4d58d0c015443c1382e0673549e05695309bb7106f82fe8d6d5ca330	2017-09-25T22:07:00Z	
millerse/Wharton-and-Marsh-1978.-New-World-Opiinae	https://github.com/millerse/Wharton-and-Marsh-1978.-New-World-Opiinae/archive/5e6ca4a365cc982805ccad588dc129d4bb230f4e.zip	28421efb2c2c662b36bcc5986c3b4eeea04ff47fafe5a83675bd66f170237aff	2017-09-25T22:07:01Z	
millerse/Wharton-and-Marsh-1978.-New-World-Opiinae	jar:file:/home/jhpoelen/elton/./datasets/millerse/Wharton-and-Marsh-1978.-New-World-Opiinae/28421efb2c2c662b36bcc5986c3b4eeea04ff47fafe5a83675bd66f170237aff!/Wharton-and-Marsh-1978.-New-World-Opiinae-5e6ca4a365cc982805ccad588dc129d4bb230f4e/interactions.tsv	5e70de75ec326fa1ccdfbfb896f129a107b37b591e00f68b02e42a27f507de45	2017-09-25T22:07:01Z	
millerse/Wharton-and-Marsh-1978.-New-World-Opiinae	https://github.com/millerse/Wharton-and-Marsh-1978.-New-World-Opiinae/archive/5e6ca4a365cc982805ccad588dc129d4bb230f4e.zip		2017-10-02T04:52:47Z	application/globi
millerse/Wharton-and-Marsh-1978.-New-World-Opiinae	https://github.com/millerse/Wharton-and-Marsh-1978.-New-World-Opiinae/archive/5e6ca4a365cc982805ccad588dc129d4bb230f4e.zip	28421efb2c2c662b36bcc5986c3b4eeea04ff47fafe5a83675bd66f170237aff	2017-10-02T04:52:47Z	
millerse/Wharton-and-Marsh-1978.-New-World-Opiinae	jar:file:/home/jhpoelen/elton/./datasets/millerse/Wharton-and-Marsh-1978.-New-World-Opiinae/28421efb2c2c662b36bcc5986c3b4eeea04ff47fafe5a83675bd66f170237aff!/Wharton-and-Marsh-1978.-New-World-Opiinae-5e6ca4a365cc982805ccad588dc129d4bb230f4e/globi.json	2c74c72a4d58d0c015443c1382e0673549e05695309bb7106f82fe8d6d5ca330	2017-10-02T04:52:47Z	
millerse/Wharton-and-Marsh-1978.-New-World-Opiinae	https://github.com/millerse/Wharton-and-Marsh-1978.-New-World-Opiinae/archive/5e6ca4a365cc982805ccad588dc129d4bb230f4e.zip	28421efb2c2c662b36bcc5986c3b4eeea04ff47fafe5a83675bd66f170237aff	2017-10-02T04:52:47Z	
millerse/Wharton-and-Marsh-1978.-New-World-Opiinae	jar:file:/home/jhpoelen/elton/./datasets/millerse/Wharton-and-Marsh-1978.-New-World-Opiinae/28421efb2c2c662b36bcc5986c3b4eeea04ff47fafe5a83675bd66f170237aff!/Wharton-and-Marsh-1978.-New-World-Opiinae-5e6ca4a365cc982805ccad588dc129d4bb230f4e/interactions.tsv	5e70de75ec326fa1ccdfbfb896f129a107b37b591e00f68b02e42a27f507de45	2017-10-02T04:52:47Z	