millerse/Lichenous	https://zenodo.org/record/545807/files/millerse/Lichenous-v2.0.0.zip		2017-09-18T23:09:31Z	application/globi
millerse/Lichenous	https://zenodo.org/record/545807/files/millerse/Lichenous-v2.0.0.zip	7d0f357bc78ad35fb0b6838053f83708ae7445dfea6cabd33e9db8e0f0d1ef77	2017-09-18T23:09:32Z	
millerse/Lichenous	jar:file:/home/jhpoelen/elton/./datasets/millerse/Lichenous/7d0f357bc78ad35fb0b6838053f83708ae7445dfea6cabd33e9db8e0f0d1ef77!/millerse-Lichenous-b4d7645/globi.json	fd3d33aca3ed0bfe17b624ee31f0310531644ad921b5a8fdb47a51c2e3588b7f	2017-09-18T23:09:32Z	
millerse/Lichenous	jar:file:/home/jhpoelen/elton/./datasets/millerse/Lichenous/7d0f357bc78ad35fb0b6838053f83708ae7445dfea6cabd33e9db8e0f0d1ef77!/millerse-Lichenous-b4d7645/interactions.tsv	0e5211c1bb630f344f9d263c33fe66db914e41cc470404797cf0fcdfe68fb692	2017-09-18T23:09:32Z	
millerse/Lichenous	https://zenodo.org/record/545807/files/millerse/Lichenous-v2.0.0.zip		2017-09-19T22:25:55Z	application/globi
millerse/Lichenous	https://zenodo.org/record/545807/files/millerse/Lichenous-v2.0.0.zip		2017-09-20T22:24:45Z	application/globi
millerse/Lichenous	https://zenodo.org/record/545807/files/millerse/Lichenous-v2.0.0.zip		2017-09-20T22:38:17Z	application/globi
millerse/Lichenous	https://zenodo.org/record/545807/files/millerse/Lichenous-v2.0.0.zip		2017-09-21T01:30:29Z	application/globi
millerse/Lichenous	https://zenodo.org/record/545807/files/millerse/Lichenous-v2.0.0.zip		2017-09-21T22:03:01Z	application/globi
millerse/Lichenous	https://zenodo.org/record/545807/files/millerse/Lichenous-v2.0.0.zip	7d0f357bc78ad35fb0b6838053f83708ae7445dfea6cabd33e9db8e0f0d1ef77	2017-09-21T22:03:01Z	
millerse/Lichenous	jar:file:/home/jhpoelen/elton/./datasets/millerse/Lichenous/7d0f357bc78ad35fb0b6838053f83708ae7445dfea6cabd33e9db8e0f0d1ef77!/millerse-Lichenous-b4d7645/globi.json	fd3d33aca3ed0bfe17b624ee31f0310531644ad921b5a8fdb47a51c2e3588b7f	2017-09-21T22:03:01Z	
millerse/Lichenous	https://zenodo.org/record/545807/files/millerse/Lichenous-v2.0.0.zip	7d0f357bc78ad35fb0b6838053f83708ae7445dfea6cabd33e9db8e0f0d1ef77	2017-09-21T22:03:01Z	
millerse/Lichenous	jar:file:/home/jhpoelen/elton/./datasets/millerse/Lichenous/7d0f357bc78ad35fb0b6838053f83708ae7445dfea6cabd33e9db8e0f0d1ef77!/millerse-Lichenous-b4d7645/interactions.tsv	0e5211c1bb630f344f9d263c33fe66db914e41cc470404797cf0fcdfe68fb692	2017-09-21T22:03:01Z	
millerse/Lichenous	https://zenodo.org/record/545807/files/millerse/Lichenous-v2.0.0.zip		2017-09-22T22:13:00Z	application/globi
millerse/Lichenous	https://zenodo.org/record/545807/files/millerse/Lichenous-v2.0.0.zip	7d0f357bc78ad35fb0b6838053f83708ae7445dfea6cabd33e9db8e0f0d1ef77	2017-09-22T22:13:00Z	
millerse/Lichenous	jar:file:/home/jhpoelen/elton/./datasets/millerse/Lichenous/7d0f357bc78ad35fb0b6838053f83708ae7445dfea6cabd33e9db8e0f0d1ef77!/millerse-Lichenous-b4d7645/globi.json	fd3d33aca3ed0bfe17b624ee31f0310531644ad921b5a8fdb47a51c2e3588b7f	2017-09-22T22:13:00Z	
millerse/Lichenous	https://zenodo.org/record/545807/files/millerse/Lichenous-v2.0.0.zip	7d0f357bc78ad35fb0b6838053f83708ae7445dfea6cabd33e9db8e0f0d1ef77	2017-09-22T22:13:01Z	
millerse/Lichenous	jar:file:/home/jhpoelen/elton/./datasets/millerse/Lichenous/7d0f357bc78ad35fb0b6838053f83708ae7445dfea6cabd33e9db8e0f0d1ef77!/millerse-Lichenous-b4d7645/interactions.tsv	0e5211c1bb630f344f9d263c33fe66db914e41cc470404797cf0fcdfe68fb692	2017-09-22T22:13:01Z	
millerse/Lichenous	https://zenodo.org/record/545807/files/millerse/Lichenous-v2.0.0.zip		2017-09-23T22:20:00Z	application/globi
millerse/Lichenous	https://zenodo.org/record/545807/files/millerse/Lichenous-v2.0.0.zip	7d0f357bc78ad35fb0b6838053f83708ae7445dfea6cabd33e9db8e0f0d1ef77	2017-09-23T22:20:00Z	
millerse/Lichenous	jar:file:/home/jhpoelen/elton/./datasets/millerse/Lichenous/7d0f357bc78ad35fb0b6838053f83708ae7445dfea6cabd33e9db8e0f0d1ef77!/millerse-Lichenous-b4d7645/globi.json	fd3d33aca3ed0bfe17b624ee31f0310531644ad921b5a8fdb47a51c2e3588b7f	2017-09-23T22:20:00Z	
millerse/Lichenous	https://zenodo.org/record/545807/files/millerse/Lichenous-v2.0.0.zip	7d0f357bc78ad35fb0b6838053f83708ae7445dfea6cabd33e9db8e0f0d1ef77	2017-09-23T22:20:00Z	
millerse/Lichenous	jar:file:/home/jhpoelen/elton/./datasets/millerse/Lichenous/7d0f357bc78ad35fb0b6838053f83708ae7445dfea6cabd33e9db8e0f0d1ef77!/millerse-Lichenous-b4d7645/interactions.tsv	0e5211c1bb630f344f9d263c33fe66db914e41cc470404797cf0fcdfe68fb692	2017-09-23T22:20:00Z	
millerse/Lichenous	https://zenodo.org/record/545807/files/millerse/Lichenous-v2.0.0.zip		2017-09-24T22:37:54Z	application/globi
millerse/Lichenous	https://zenodo.org/record/545807/files/millerse/Lichenous-v2.0.0.zip	7d0f357bc78ad35fb0b6838053f83708ae7445dfea6cabd33e9db8e0f0d1ef77	2017-09-24T22:37:54Z	
millerse/Lichenous	jar:file:/home/jhpoelen/elton/./datasets/millerse/Lichenous/7d0f357bc78ad35fb0b6838053f83708ae7445dfea6cabd33e9db8e0f0d1ef77!/millerse-Lichenous-b4d7645/globi.json	fd3d33aca3ed0bfe17b624ee31f0310531644ad921b5a8fdb47a51c2e3588b7f	2017-09-24T22:37:54Z	
millerse/Lichenous	https://zenodo.org/record/545807/files/millerse/Lichenous-v2.0.0.zip	7d0f357bc78ad35fb0b6838053f83708ae7445dfea6cabd33e9db8e0f0d1ef77	2017-09-24T22:37:54Z	
millerse/Lichenous	jar:file:/home/jhpoelen/elton/./datasets/millerse/Lichenous/7d0f357bc78ad35fb0b6838053f83708ae7445dfea6cabd33e9db8e0f0d1ef77!/millerse-Lichenous-b4d7645/interactions.tsv	0e5211c1bb630f344f9d263c33fe66db914e41cc470404797cf0fcdfe68fb692	2017-09-24T22:37:54Z	
millerse/Lichenous	https://zenodo.org/record/545807/files/millerse/Lichenous-v2.0.0.zip		2017-09-25T23:12:14Z	application/globi
millerse/Lichenous	https://zenodo.org/record/545807/files/millerse/Lichenous-v2.0.0.zip	7d0f357bc78ad35fb0b6838053f83708ae7445dfea6cabd33e9db8e0f0d1ef77	2017-09-25T23:12:14Z	
millerse/Lichenous	jar:file:/home/jhpoelen/elton/./datasets/millerse/Lichenous/7d0f357bc78ad35fb0b6838053f83708ae7445dfea6cabd33e9db8e0f0d1ef77!/millerse-Lichenous-b4d7645/globi.json	fd3d33aca3ed0bfe17b624ee31f0310531644ad921b5a8fdb47a51c2e3588b7f	2017-09-25T23:12:14Z	
millerse/Lichenous	https://zenodo.org/record/545807/files/millerse/Lichenous-v2.0.0.zip	7d0f357bc78ad35fb0b6838053f83708ae7445dfea6cabd33e9db8e0f0d1ef77	2017-09-25T23:12:14Z	
millerse/Lichenous	jar:file:/home/jhpoelen/elton/./datasets/millerse/Lichenous/7d0f357bc78ad35fb0b6838053f83708ae7445dfea6cabd33e9db8e0f0d1ef77!/millerse-Lichenous-b4d7645/interactions.tsv	0e5211c1bb630f344f9d263c33fe66db914e41cc470404797cf0fcdfe68fb692	2017-09-25T23:12:14Z	
millerse/Lichenous	https://zenodo.org/record/545807/files/millerse/Lichenous-v2.0.0.zip		2017-10-02T05:23:08Z	application/globi
millerse/Lichenous	https://zenodo.org/record/545807/files/millerse/Lichenous-v2.0.0.zip	7d0f357bc78ad35fb0b6838053f83708ae7445dfea6cabd33e9db8e0f0d1ef77	2017-10-02T05:23:09Z	
millerse/Lichenous	jar:file:/home/jhpoelen/elton/./datasets/millerse/Lichenous/7d0f357bc78ad35fb0b6838053f83708ae7445dfea6cabd33e9db8e0f0d1ef77!/millerse-Lichenous-b4d7645/globi.json	fd3d33aca3ed0bfe17b624ee31f0310531644ad921b5a8fdb47a51c2e3588b7f	2017-10-02T05:23:09Z	
millerse/Lichenous	https://zenodo.org/record/545807/files/millerse/Lichenous-v2.0.0.zip	7d0f357bc78ad35fb0b6838053f83708ae7445dfea6cabd33e9db8e0f0d1ef77	2017-10-02T05:23:09Z	
millerse/Lichenous	jar:file:/home/jhpoelen/elton/./datasets/millerse/Lichenous/7d0f357bc78ad35fb0b6838053f83708ae7445dfea6cabd33e9db8e0f0d1ef77!/millerse-Lichenous-b4d7645/interactions.tsv	0e5211c1bb630f344f9d263c33fe66db914e41cc470404797cf0fcdfe68fb692	2017-10-02T05:23:09Z	
millerse/Lichenous	https://zenodo.org/record/545807/files/millerse/Lichenous-v2.0.0.zip		2017-10-14T22:29:41Z	application/globi
millerse/Lichenous	https://zenodo.org/record/545807/files/millerse/Lichenous-v2.0.0.zip	7d0f357bc78ad35fb0b6838053f83708ae7445dfea6cabd33e9db8e0f0d1ef77	2017-10-14T22:29:42Z	
millerse/Lichenous	jar:file:/home/jhpoelen/elton/./datasets/millerse/Lichenous/7d0f357bc78ad35fb0b6838053f83708ae7445dfea6cabd33e9db8e0f0d1ef77!/millerse-Lichenous-b4d7645/globi.json	fd3d33aca3ed0bfe17b624ee31f0310531644ad921b5a8fdb47a51c2e3588b7f	2017-10-14T22:29:42Z	
millerse/Lichenous	https://zenodo.org/record/545807/files/millerse/Lichenous-v2.0.0.zip	7d0f357bc78ad35fb0b6838053f83708ae7445dfea6cabd33e9db8e0f0d1ef77	2017-10-14T22:29:42Z	
millerse/Lichenous	jar:file:/home/jhpoelen/elton/./datasets/millerse/Lichenous/7d0f357bc78ad35fb0b6838053f83708ae7445dfea6cabd33e9db8e0f0d1ef77!/millerse-Lichenous-b4d7645/interactions.tsv	0e5211c1bb630f344f9d263c33fe66db914e41cc470404797cf0fcdfe68fb692	2017-10-14T22:29:42Z	
millerse/Lichenous	https://github.com/millerse/Lichenous/archive/499b4d86d529787882b7771966d75e62965248f5.zip		2017-10-21T23:03:06Z	application/globi
millerse/Lichenous	https://github.com/millerse/Lichenous/archive/499b4d86d529787882b7771966d75e62965248f5.zip	2fb382e5ddbf93017fbf8037f26468c993c5cf75ff97de810d0c46ca6c894e95	2017-10-21T23:03:06Z	
millerse/Lichenous	jar:file:/home/jhpoelen/elton/./datasets/millerse/Lichenous/2fb382e5ddbf93017fbf8037f26468c993c5cf75ff97de810d0c46ca6c894e95!/Lichenous-499b4d86d529787882b7771966d75e62965248f5/globi.json	fd3d33aca3ed0bfe17b624ee31f0310531644ad921b5a8fdb47a51c2e3588b7f	2017-10-21T23:03:06Z	
millerse/Lichenous	https://github.com/millerse/Lichenous/archive/499b4d86d529787882b7771966d75e62965248f5.zip	2fb382e5ddbf93017fbf8037f26468c993c5cf75ff97de810d0c46ca6c894e95	2017-10-21T23:03:06Z	
millerse/Lichenous	jar:file:/home/jhpoelen/elton/./datasets/millerse/Lichenous/2fb382e5ddbf93017fbf8037f26468c993c5cf75ff97de810d0c46ca6c894e95!/Lichenous-499b4d86d529787882b7771966d75e62965248f5/interactions.tsv	0e5211c1bb630f344f9d263c33fe66db914e41cc470404797cf0fcdfe68fb692	2017-10-21T23:03:06Z	
millerse/Lichenous	https://zenodo.org/record/545807/files/millerse/Lichenous-v2.0.0.zip		2017-10-28T23:22:39Z	application/globi
millerse/Lichenous	https://zenodo.org/record/545807/files/millerse/Lichenous-v2.0.0.zip	7d0f357bc78ad35fb0b6838053f83708ae7445dfea6cabd33e9db8e0f0d1ef77	2017-10-28T23:22:39Z	
millerse/Lichenous	jar:file:/home/jhpoelen/elton/./datasets/millerse/Lichenous/7d0f357bc78ad35fb0b6838053f83708ae7445dfea6cabd33e9db8e0f0d1ef77!/millerse-Lichenous-b4d7645/globi.json	fd3d33aca3ed0bfe17b624ee31f0310531644ad921b5a8fdb47a51c2e3588b7f	2017-10-28T23:22:39Z	
millerse/Lichenous	https://zenodo.org/record/545807/files/millerse/Lichenous-v2.0.0.zip	7d0f357bc78ad35fb0b6838053f83708ae7445dfea6cabd33e9db8e0f0d1ef77	2017-10-28T23:22:39Z	
millerse/Lichenous	jar:file:/home/jhpoelen/elton/./datasets/millerse/Lichenous/7d0f357bc78ad35fb0b6838053f83708ae7445dfea6cabd33e9db8e0f0d1ef77!/millerse-Lichenous-b4d7645/interactions.tsv	0e5211c1bb630f344f9d263c33fe66db914e41cc470404797cf0fcdfe68fb692	2017-10-28T23:22:39Z	
millerse/Lichenous	https://zenodo.org/record/545807/files/millerse/Lichenous-v2.0.0.zip		2017-11-05T01:42:32Z	application/globi
millerse/Lichenous	https://zenodo.org/record/545807/files/millerse/Lichenous-v2.0.0.zip	7d0f357bc78ad35fb0b6838053f83708ae7445dfea6cabd33e9db8e0f0d1ef77	2017-11-05T01:42:32Z	
millerse/Lichenous	jar:file:/home/jhpoelen/elton/./datasets/millerse/Lichenous/7d0f357bc78ad35fb0b6838053f83708ae7445dfea6cabd33e9db8e0f0d1ef77!/millerse-Lichenous-b4d7645/globi.json	fd3d33aca3ed0bfe17b624ee31f0310531644ad921b5a8fdb47a51c2e3588b7f	2017-11-05T01:42:32Z	
millerse/Lichenous	https://zenodo.org/record/545807/files/millerse/Lichenous-v2.0.0.zip	7d0f357bc78ad35fb0b6838053f83708ae7445dfea6cabd33e9db8e0f0d1ef77	2017-11-05T01:42:32Z	
millerse/Lichenous	jar:file:/home/jhpoelen/elton/./datasets/millerse/Lichenous/7d0f357bc78ad35fb0b6838053f83708ae7445dfea6cabd33e9db8e0f0d1ef77!/millerse-Lichenous-b4d7645/interactions.tsv	0e5211c1bb630f344f9d263c33fe66db914e41cc470404797cf0fcdfe68fb692	2017-11-05T01:42:32Z	
millerse/Lichenous	https://zenodo.org/record/545807/files/millerse/Lichenous-v2.0.0.zip		2017-11-07T20:14:33Z	application/globi
millerse/Lichenous	https://zenodo.org/record/545807/files/millerse/Lichenous-v2.0.0.zip	7d0f357bc78ad35fb0b6838053f83708ae7445dfea6cabd33e9db8e0f0d1ef77	2017-11-07T20:14:33Z	
millerse/Lichenous	jar:file:/home/jhpoelen/elton/./datasets/millerse/Lichenous/7d0f357bc78ad35fb0b6838053f83708ae7445dfea6cabd33e9db8e0f0d1ef77!/millerse-Lichenous-b4d7645/globi.json	fd3d33aca3ed0bfe17b624ee31f0310531644ad921b5a8fdb47a51c2e3588b7f	2017-11-07T20:14:33Z	
millerse/Lichenous	https://zenodo.org/record/545807/files/millerse/Lichenous-v2.0.0.zip	7d0f357bc78ad35fb0b6838053f83708ae7445dfea6cabd33e9db8e0f0d1ef77	2017-11-07T20:14:33Z	
millerse/Lichenous	jar:file:/home/jhpoelen/elton/./datasets/millerse/Lichenous/7d0f357bc78ad35fb0b6838053f83708ae7445dfea6cabd33e9db8e0f0d1ef77!/millerse-Lichenous-b4d7645/interactions.tsv	0e5211c1bb630f344f9d263c33fe66db914e41cc470404797cf0fcdfe68fb692	2017-11-07T20:14:33Z	
millerse/Lichenous	https://zenodo.org/record/545807/files/millerse/Lichenous-v2.0.0.zip		2017-11-14T20:13:09Z	application/globi
millerse/Lichenous	https://zenodo.org/record/545807/files/millerse/Lichenous-v2.0.0.zip	7d0f357bc78ad35fb0b6838053f83708ae7445dfea6cabd33e9db8e0f0d1ef77	2017-11-14T20:13:10Z	
millerse/Lichenous	jar:file:/home/jhpoelen/elton/./datasets/millerse/Lichenous/7d0f357bc78ad35fb0b6838053f83708ae7445dfea6cabd33e9db8e0f0d1ef77!/millerse-Lichenous-b4d7645/globi.json	fd3d33aca3ed0bfe17b624ee31f0310531644ad921b5a8fdb47a51c2e3588b7f	2017-11-14T20:13:10Z	
millerse/Lichenous	https://zenodo.org/record/545807/files/millerse/Lichenous-v2.0.0.zip	7d0f357bc78ad35fb0b6838053f83708ae7445dfea6cabd33e9db8e0f0d1ef77	2017-11-14T20:13:10Z	
millerse/Lichenous	jar:file:/home/jhpoelen/elton/./datasets/millerse/Lichenous/7d0f357bc78ad35fb0b6838053f83708ae7445dfea6cabd33e9db8e0f0d1ef77!/millerse-Lichenous-b4d7645/interactions.tsv	0e5211c1bb630f344f9d263c33fe66db914e41cc470404797cf0fcdfe68fb692	2017-11-14T20:13:10Z	
millerse/Lichenous	https://zenodo.org/record/545807/files/millerse/Lichenous-v2.0.0.zip		2017-11-21T19:26:57Z	application/globi
millerse/Lichenous	https://zenodo.org/record/545807/files/millerse/Lichenous-v2.0.0.zip	7d0f357bc78ad35fb0b6838053f83708ae7445dfea6cabd33e9db8e0f0d1ef77	2017-11-21T19:26:57Z	
millerse/Lichenous	jar:file:/home/jhpoelen/elton/./datasets/millerse/Lichenous/7d0f357bc78ad35fb0b6838053f83708ae7445dfea6cabd33e9db8e0f0d1ef77!/millerse-Lichenous-b4d7645/globi.json	fd3d33aca3ed0bfe17b624ee31f0310531644ad921b5a8fdb47a51c2e3588b7f	2017-11-21T19:26:57Z	
millerse/Lichenous	https://zenodo.org/record/545807/files/millerse/Lichenous-v2.0.0.zip	7d0f357bc78ad35fb0b6838053f83708ae7445dfea6cabd33e9db8e0f0d1ef77	2017-11-21T19:26:58Z	
millerse/Lichenous	jar:file:/home/jhpoelen/elton/./datasets/millerse/Lichenous/7d0f357bc78ad35fb0b6838053f83708ae7445dfea6cabd33e9db8e0f0d1ef77!/millerse-Lichenous-b4d7645/interactions.tsv	0e5211c1bb630f344f9d263c33fe66db914e41cc470404797cf0fcdfe68fb692	2017-11-21T19:26:58Z	
millerse/Lichenous	https://zenodo.org/record/545807/files/millerse/Lichenous-v2.0.0.zip		2017-11-28T20:06:01Z	application/globi
millerse/Lichenous	https://zenodo.org/record/545807/files/millerse/Lichenous-v2.0.0.zip	7d0f357bc78ad35fb0b6838053f83708ae7445dfea6cabd33e9db8e0f0d1ef77	2017-11-28T20:06:02Z	
millerse/Lichenous	jar:file:/home/jhpoelen/elton/./datasets/millerse/Lichenous/7d0f357bc78ad35fb0b6838053f83708ae7445dfea6cabd33e9db8e0f0d1ef77!/millerse-Lichenous-b4d7645/globi.json	fd3d33aca3ed0bfe17b624ee31f0310531644ad921b5a8fdb47a51c2e3588b7f	2017-11-28T20:06:02Z	
millerse/Lichenous	https://zenodo.org/record/545807/files/millerse/Lichenous-v2.0.0.zip	7d0f357bc78ad35fb0b6838053f83708ae7445dfea6cabd33e9db8e0f0d1ef77	2017-11-28T20:06:02Z	
millerse/Lichenous	jar:file:/home/jhpoelen/elton/./datasets/millerse/Lichenous/7d0f357bc78ad35fb0b6838053f83708ae7445dfea6cabd33e9db8e0f0d1ef77!/millerse-Lichenous-b4d7645/interactions.tsv	0e5211c1bb630f344f9d263c33fe66db914e41cc470404797cf0fcdfe68fb692	2017-11-28T20:06:02Z	
millerse/Lichenous	https://zenodo.org/record/545807/files/millerse/Lichenous-v2.0.0.zip		2017-12-09T21:02:34Z	application/globi
millerse/Lichenous	https://zenodo.org/record/545807/files/millerse/Lichenous-v2.0.0.zip	7d0f357bc78ad35fb0b6838053f83708ae7445dfea6cabd33e9db8e0f0d1ef77	2017-12-09T21:02:34Z	
millerse/Lichenous	jar:file:/home/jhpoelen/elton/./datasets/millerse/Lichenous/7d0f357bc78ad35fb0b6838053f83708ae7445dfea6cabd33e9db8e0f0d1ef77!/millerse-Lichenous-b4d7645/globi.json	fd3d33aca3ed0bfe17b624ee31f0310531644ad921b5a8fdb47a51c2e3588b7f	2017-12-09T21:02:34Z	
millerse/Lichenous	https://zenodo.org/record/545807/files/millerse/Lichenous-v2.0.0.zip	7d0f357bc78ad35fb0b6838053f83708ae7445dfea6cabd33e9db8e0f0d1ef77	2017-12-09T21:02:34Z	
millerse/Lichenous	jar:file:/home/jhpoelen/elton/./datasets/millerse/Lichenous/7d0f357bc78ad35fb0b6838053f83708ae7445dfea6cabd33e9db8e0f0d1ef77!/millerse-Lichenous-b4d7645/interactions.tsv	0e5211c1bb630f344f9d263c33fe66db914e41cc470404797cf0fcdfe68fb692	2017-12-09T21:02:34Z	
millerse/Lichenous	https://zenodo.org/record/545807/files/millerse/Lichenous-v2.0.0.zip		2017-12-16T21:23:47Z	application/globi
millerse/Lichenous	https://zenodo.org/record/545807/files/millerse/Lichenous-v2.0.0.zip	7d0f357bc78ad35fb0b6838053f83708ae7445dfea6cabd33e9db8e0f0d1ef77	2017-12-16T21:23:48Z	
millerse/Lichenous	jar:file:/home/jhpoelen/elton/./datasets/millerse/Lichenous/7d0f357bc78ad35fb0b6838053f83708ae7445dfea6cabd33e9db8e0f0d1ef77!/millerse-Lichenous-b4d7645/globi.json	fd3d33aca3ed0bfe17b624ee31f0310531644ad921b5a8fdb47a51c2e3588b7f	2017-12-16T21:23:48Z	
millerse/Lichenous	https://zenodo.org/record/545807/files/millerse/Lichenous-v2.0.0.zip	7d0f357bc78ad35fb0b6838053f83708ae7445dfea6cabd33e9db8e0f0d1ef77	2017-12-16T21:23:48Z	
millerse/Lichenous	jar:file:/home/jhpoelen/elton/./datasets/millerse/Lichenous/7d0f357bc78ad35fb0b6838053f83708ae7445dfea6cabd33e9db8e0f0d1ef77!/millerse-Lichenous-b4d7645/interactions.tsv	0e5211c1bb630f344f9d263c33fe66db914e41cc470404797cf0fcdfe68fb692	2017-12-16T21:23:48Z	
millerse/Lichenous	https://zenodo.org/record/545807/files/millerse/Lichenous-v2.0.0.zip		2017-12-23T21:43:22Z	application/globi
millerse/Lichenous	https://zenodo.org/record/545807/files/millerse/Lichenous-v2.0.0.zip	7d0f357bc78ad35fb0b6838053f83708ae7445dfea6cabd33e9db8e0f0d1ef77	2017-12-23T21:43:23Z	
millerse/Lichenous	jar:file:/home/jhpoelen/elton/./datasets/millerse/Lichenous/7d0f357bc78ad35fb0b6838053f83708ae7445dfea6cabd33e9db8e0f0d1ef77!/millerse-Lichenous-b4d7645/globi.json	fd3d33aca3ed0bfe17b624ee31f0310531644ad921b5a8fdb47a51c2e3588b7f	2017-12-23T21:43:23Z	
millerse/Lichenous	https://zenodo.org/record/545807/files/millerse/Lichenous-v2.0.0.zip	7d0f357bc78ad35fb0b6838053f83708ae7445dfea6cabd33e9db8e0f0d1ef77	2017-12-23T21:43:23Z	
millerse/Lichenous	jar:file:/home/jhpoelen/elton/./datasets/millerse/Lichenous/7d0f357bc78ad35fb0b6838053f83708ae7445dfea6cabd33e9db8e0f0d1ef77!/millerse-Lichenous-b4d7645/interactions.tsv	0e5211c1bb630f344f9d263c33fe66db914e41cc470404797cf0fcdfe68fb692	2017-12-23T21:43:23Z	
millerse/Lichenous	https://zenodo.org/record/545807/files/millerse/Lichenous-v2.0.0.zip		2017-12-30T21:50:09Z	application/globi
millerse/Lichenous	https://zenodo.org/record/545807/files/millerse/Lichenous-v2.0.0.zip	7d0f357bc78ad35fb0b6838053f83708ae7445dfea6cabd33e9db8e0f0d1ef77	2017-12-30T21:50:09Z	
millerse/Lichenous	jar:file:/home/jhpoelen/elton/./datasets/millerse/Lichenous/7d0f357bc78ad35fb0b6838053f83708ae7445dfea6cabd33e9db8e0f0d1ef77!/millerse-Lichenous-b4d7645/globi.json	fd3d33aca3ed0bfe17b624ee31f0310531644ad921b5a8fdb47a51c2e3588b7f	2017-12-30T21:50:09Z	
millerse/Lichenous	https://zenodo.org/record/545807/files/millerse/Lichenous-v2.0.0.zip	7d0f357bc78ad35fb0b6838053f83708ae7445dfea6cabd33e9db8e0f0d1ef77	2017-12-30T21:50:09Z	
millerse/Lichenous	jar:file:/home/jhpoelen/elton/./datasets/millerse/Lichenous/7d0f357bc78ad35fb0b6838053f83708ae7445dfea6cabd33e9db8e0f0d1ef77!/millerse-Lichenous-b4d7645/interactions.tsv	0e5211c1bb630f344f9d263c33fe66db914e41cc470404797cf0fcdfe68fb692	2017-12-30T21:50:09Z	
millerse/Lichenous	https://zenodo.org/record/545807/files/millerse/Lichenous-v2.0.0.zip		2018-01-06T11:09:12Z	application/globi
millerse/Lichenous	https://zenodo.org/record/545807/files/millerse/Lichenous-v2.0.0.zip	7d0f357bc78ad35fb0b6838053f83708ae7445dfea6cabd33e9db8e0f0d1ef77	2018-01-06T11:09:12Z	
millerse/Lichenous	jar:file:/home/jhpoelen/elton/./datasets/millerse/Lichenous/7d0f357bc78ad35fb0b6838053f83708ae7445dfea6cabd33e9db8e0f0d1ef77!/millerse-Lichenous-b4d7645/globi.json	fd3d33aca3ed0bfe17b624ee31f0310531644ad921b5a8fdb47a51c2e3588b7f	2018-01-06T11:09:12Z	
millerse/Lichenous	https://zenodo.org/record/545807/files/millerse/Lichenous-v2.0.0.zip	7d0f357bc78ad35fb0b6838053f83708ae7445dfea6cabd33e9db8e0f0d1ef77	2018-01-06T11:09:12Z	
millerse/Lichenous	jar:file:/home/jhpoelen/elton/./datasets/millerse/Lichenous/7d0f357bc78ad35fb0b6838053f83708ae7445dfea6cabd33e9db8e0f0d1ef77!/millerse-Lichenous-b4d7645/interactions.tsv	0e5211c1bb630f344f9d263c33fe66db914e41cc470404797cf0fcdfe68fb692	2018-01-06T11:09:12Z	
millerse/Lichenous	https://zenodo.org/record/545807/files/millerse/Lichenous-v2.0.0.zip		2018-01-13T11:39:11Z	application/globi
millerse/Lichenous	https://zenodo.org/record/545807/files/millerse/Lichenous-v2.0.0.zip	7d0f357bc78ad35fb0b6838053f83708ae7445dfea6cabd33e9db8e0f0d1ef77	2018-01-13T11:39:12Z	
millerse/Lichenous	jar:file:/home/jhpoelen/elton/./datasets/millerse/Lichenous/7d0f357bc78ad35fb0b6838053f83708ae7445dfea6cabd33e9db8e0f0d1ef77!/millerse-Lichenous-b4d7645/globi.json	fd3d33aca3ed0bfe17b624ee31f0310531644ad921b5a8fdb47a51c2e3588b7f	2018-01-13T11:39:12Z	
millerse/Lichenous	https://zenodo.org/record/545807/files/millerse/Lichenous-v2.0.0.zip	7d0f357bc78ad35fb0b6838053f83708ae7445dfea6cabd33e9db8e0f0d1ef77	2018-01-13T11:39:12Z	
millerse/Lichenous	jar:file:/home/jhpoelen/elton/./datasets/millerse/Lichenous/7d0f357bc78ad35fb0b6838053f83708ae7445dfea6cabd33e9db8e0f0d1ef77!/millerse-Lichenous-b4d7645/interactions.tsv	0e5211c1bb630f344f9d263c33fe66db914e41cc470404797cf0fcdfe68fb692	2018-01-13T11:39:12Z	
millerse/Lichenous	https://zenodo.org/record/545807/files/millerse/Lichenous-v2.0.0.zip		2018-01-20T12:06:45Z	application/globi
millerse/Lichenous	https://zenodo.org/record/545807/files/millerse/Lichenous-v2.0.0.zip	7d0f357bc78ad35fb0b6838053f83708ae7445dfea6cabd33e9db8e0f0d1ef77	2018-01-20T12:06:45Z	
millerse/Lichenous	jar:file:/home/jhpoelen/elton/./datasets/millerse/Lichenous/7d0f357bc78ad35fb0b6838053f83708ae7445dfea6cabd33e9db8e0f0d1ef77!/millerse-Lichenous-b4d7645/globi.json	fd3d33aca3ed0bfe17b624ee31f0310531644ad921b5a8fdb47a51c2e3588b7f	2018-01-20T12:06:45Z	
millerse/Lichenous	https://zenodo.org/record/545807/files/millerse/Lichenous-v2.0.0.zip	7d0f357bc78ad35fb0b6838053f83708ae7445dfea6cabd33e9db8e0f0d1ef77	2018-01-20T12:06:46Z	
millerse/Lichenous	jar:file:/home/jhpoelen/elton/./datasets/millerse/Lichenous/7d0f357bc78ad35fb0b6838053f83708ae7445dfea6cabd33e9db8e0f0d1ef77!/millerse-Lichenous-b4d7645/interactions.tsv	0e5211c1bb630f344f9d263c33fe66db914e41cc470404797cf0fcdfe68fb692	2018-01-20T12:06:46Z	
millerse/Lichenous	https://zenodo.org/record/545807/files/millerse/Lichenous-v2.0.0.zip		2018-01-27T09:07:16Z	application/globi
millerse/Lichenous	https://zenodo.org/record/545807/files/millerse/Lichenous-v2.0.0.zip	7d0f357bc78ad35fb0b6838053f83708ae7445dfea6cabd33e9db8e0f0d1ef77	2018-01-27T09:07:17Z	
millerse/Lichenous	jar:file:/home/jhpoelen/elton/./datasets/millerse/Lichenous/7d0f357bc78ad35fb0b6838053f83708ae7445dfea6cabd33e9db8e0f0d1ef77!/millerse-Lichenous-b4d7645/globi.json	fd3d33aca3ed0bfe17b624ee31f0310531644ad921b5a8fdb47a51c2e3588b7f	2018-01-27T09:07:17Z	
millerse/Lichenous	https://zenodo.org/record/545807/files/millerse/Lichenous-v2.0.0.zip	7d0f357bc78ad35fb0b6838053f83708ae7445dfea6cabd33e9db8e0f0d1ef77	2018-01-27T09:07:17Z	
millerse/Lichenous	jar:file:/home/jhpoelen/elton/./datasets/millerse/Lichenous/7d0f357bc78ad35fb0b6838053f83708ae7445dfea6cabd33e9db8e0f0d1ef77!/millerse-Lichenous-b4d7645/interactions.tsv	0e5211c1bb630f344f9d263c33fe66db914e41cc470404797cf0fcdfe68fb692	2018-01-27T09:07:17Z	