globalbioticinteractions/template-dataset	https://zenodo.org/record/207958/files/globalbioticinteractions/template-dataset-0.0.2.zip		2017-09-18T17:59:36Z	application/globi
globalbioticinteractions/template-dataset	https://zenodo.org/record/207958/files/globalbioticinteractions/template-dataset-0.0.2.zip	631d3777cf83e1abea848b59a6589c470cf0c7d0fd99682c4c104481ad9a543f	2017-09-18T17:59:36Z	
globalbioticinteractions/template-dataset	jar:file:/home/jhpoelen/elton/./datasets/globalbioticinteractions/template-dataset/631d3777cf83e1abea848b59a6589c470cf0c7d0fd99682c4c104481ad9a543f!/globalbioticinteractions-template-dataset-e68f448/globi.json	1cc8eff62af0e6bb3e7771666e2e4109f351b7dfc6fc1dc8314e5671a8eecb80	2017-09-18T17:59:36Z	
globalbioticinteractions/template-dataset	jar:file:/home/jhpoelen/elton/./datasets/globalbioticinteractions/template-dataset/631d3777cf83e1abea848b59a6589c470cf0c7d0fd99682c4c104481ad9a543f!/globalbioticinteractions-template-dataset-e68f448/interactions.tsv	c1b37add5ee5f30916f19811c59c2960e3b68ecf1a3846afe1776014c4c96271	2017-09-18T17:59:36Z	
globalbioticinteractions/template-dataset	https://zenodo.org/record/207958/files/globalbioticinteractions/template-dataset-0.0.2.zip		2017-09-18T22:23:50Z	application/globi
globalbioticinteractions/template-dataset	https://zenodo.org/record/207958/files/globalbioticinteractions/template-dataset-0.0.2.zip		2017-09-19T22:25:09Z	application/globi
globalbioticinteractions/template-dataset	https://zenodo.org/record/207958/files/globalbioticinteractions/template-dataset-0.0.2.zip		2017-09-20T22:23:52Z	application/globi
globalbioticinteractions/template-dataset	https://zenodo.org/record/207958/files/globalbioticinteractions/template-dataset-0.0.2.zip		2017-09-20T22:37:41Z	application/globi
globalbioticinteractions/template-dataset	https://zenodo.org/record/207958/files/globalbioticinteractions/template-dataset-0.0.2.zip		2017-09-21T01:12:51Z	application/globi
globalbioticinteractions/template-dataset	https://zenodo.org/record/207958/files/globalbioticinteractions/template-dataset-0.0.2.zip		2017-09-21T01:17:32Z	application/globi
globalbioticinteractions/template-dataset	https://zenodo.org/record/207958/files/globalbioticinteractions/template-dataset-0.0.2.zip		2017-09-21T01:29:50Z	application/globi
globalbioticinteractions/template-dataset	https://zenodo.org/record/207958/files/globalbioticinteractions/template-dataset-0.0.2.zip		2017-09-21T01:41:39Z	application/globi
globalbioticinteractions/template-dataset	https://zenodo.org/record/207958/files/globalbioticinteractions/template-dataset-0.0.2.zip		2017-09-21T21:28:24Z	application/globi
globalbioticinteractions/template-dataset	https://zenodo.org/record/207958/files/globalbioticinteractions/template-dataset-0.0.2.zip	631d3777cf83e1abea848b59a6589c470cf0c7d0fd99682c4c104481ad9a543f	2017-09-21T21:28:25Z	
globalbioticinteractions/template-dataset	jar:file:/home/jhpoelen/elton/./datasets/globalbioticinteractions/template-dataset/631d3777cf83e1abea848b59a6589c470cf0c7d0fd99682c4c104481ad9a543f!/globalbioticinteractions-template-dataset-e68f448/globi.json	1cc8eff62af0e6bb3e7771666e2e4109f351b7dfc6fc1dc8314e5671a8eecb80	2017-09-21T21:28:25Z	
globalbioticinteractions/template-dataset	https://zenodo.org/record/207958/files/globalbioticinteractions/template-dataset-0.0.2.zip	631d3777cf83e1abea848b59a6589c470cf0c7d0fd99682c4c104481ad9a543f	2017-09-21T21:28:25Z	
globalbioticinteractions/template-dataset	jar:file:/home/jhpoelen/elton/./datasets/globalbioticinteractions/template-dataset/631d3777cf83e1abea848b59a6589c470cf0c7d0fd99682c4c104481ad9a543f!/globalbioticinteractions-template-dataset-e68f448/interactions.tsv	c1b37add5ee5f30916f19811c59c2960e3b68ecf1a3846afe1776014c4c96271	2017-09-21T21:28:25Z	
globalbioticinteractions/template-dataset	https://zenodo.org/record/207958/files/globalbioticinteractions/template-dataset-0.0.2.zip		2017-09-22T21:36:45Z	application/globi
globalbioticinteractions/template-dataset	https://zenodo.org/record/207958/files/globalbioticinteractions/template-dataset-0.0.2.zip	631d3777cf83e1abea848b59a6589c470cf0c7d0fd99682c4c104481ad9a543f	2017-09-22T21:36:45Z	
globalbioticinteractions/template-dataset	jar:file:/home/jhpoelen/elton/./datasets/globalbioticinteractions/template-dataset/631d3777cf83e1abea848b59a6589c470cf0c7d0fd99682c4c104481ad9a543f!/globalbioticinteractions-template-dataset-e68f448/globi.json	1cc8eff62af0e6bb3e7771666e2e4109f351b7dfc6fc1dc8314e5671a8eecb80	2017-09-22T21:36:45Z	
globalbioticinteractions/template-dataset	https://zenodo.org/record/207958/files/globalbioticinteractions/template-dataset-0.0.2.zip	631d3777cf83e1abea848b59a6589c470cf0c7d0fd99682c4c104481ad9a543f	2017-09-22T21:36:45Z	
globalbioticinteractions/template-dataset	jar:file:/home/jhpoelen/elton/./datasets/globalbioticinteractions/template-dataset/631d3777cf83e1abea848b59a6589c470cf0c7d0fd99682c4c104481ad9a543f!/globalbioticinteractions-template-dataset-e68f448/interactions.tsv	c1b37add5ee5f30916f19811c59c2960e3b68ecf1a3846afe1776014c4c96271	2017-09-22T21:36:45Z	
globalbioticinteractions/template-dataset	https://zenodo.org/record/207958/files/globalbioticinteractions/template-dataset-0.0.2.zip		2017-09-23T21:44:28Z	application/globi
globalbioticinteractions/template-dataset	https://zenodo.org/record/207958/files/globalbioticinteractions/template-dataset-0.0.2.zip	631d3777cf83e1abea848b59a6589c470cf0c7d0fd99682c4c104481ad9a543f	2017-09-23T21:44:29Z	
globalbioticinteractions/template-dataset	jar:file:/home/jhpoelen/elton/./datasets/globalbioticinteractions/template-dataset/631d3777cf83e1abea848b59a6589c470cf0c7d0fd99682c4c104481ad9a543f!/globalbioticinteractions-template-dataset-e68f448/globi.json	1cc8eff62af0e6bb3e7771666e2e4109f351b7dfc6fc1dc8314e5671a8eecb80	2017-09-23T21:44:29Z	
globalbioticinteractions/template-dataset	https://zenodo.org/record/207958/files/globalbioticinteractions/template-dataset-0.0.2.zip	631d3777cf83e1abea848b59a6589c470cf0c7d0fd99682c4c104481ad9a543f	2017-09-23T21:44:29Z	
globalbioticinteractions/template-dataset	jar:file:/home/jhpoelen/elton/./datasets/globalbioticinteractions/template-dataset/631d3777cf83e1abea848b59a6589c470cf0c7d0fd99682c4c104481ad9a543f!/globalbioticinteractions-template-dataset-e68f448/interactions.tsv	c1b37add5ee5f30916f19811c59c2960e3b68ecf1a3846afe1776014c4c96271	2017-09-23T21:44:29Z	
globalbioticinteractions/template-dataset	https://zenodo.org/record/207958/files/globalbioticinteractions/template-dataset-0.0.2.zip		2017-09-24T21:52:13Z	application/globi
globalbioticinteractions/template-dataset	https://zenodo.org/record/207958/files/globalbioticinteractions/template-dataset-0.0.2.zip	631d3777cf83e1abea848b59a6589c470cf0c7d0fd99682c4c104481ad9a543f	2017-09-24T21:52:14Z	
globalbioticinteractions/template-dataset	jar:file:/home/jhpoelen/elton/./datasets/globalbioticinteractions/template-dataset/631d3777cf83e1abea848b59a6589c470cf0c7d0fd99682c4c104481ad9a543f!/globalbioticinteractions-template-dataset-e68f448/globi.json	1cc8eff62af0e6bb3e7771666e2e4109f351b7dfc6fc1dc8314e5671a8eecb80	2017-09-24T21:52:14Z	
globalbioticinteractions/template-dataset	https://zenodo.org/record/207958/files/globalbioticinteractions/template-dataset-0.0.2.zip	631d3777cf83e1abea848b59a6589c470cf0c7d0fd99682c4c104481ad9a543f	2017-09-24T21:52:14Z	
globalbioticinteractions/template-dataset	jar:file:/home/jhpoelen/elton/./datasets/globalbioticinteractions/template-dataset/631d3777cf83e1abea848b59a6589c470cf0c7d0fd99682c4c104481ad9a543f!/globalbioticinteractions-template-dataset-e68f448/interactions.tsv	c1b37add5ee5f30916f19811c59c2960e3b68ecf1a3846afe1776014c4c96271	2017-09-24T21:52:14Z	
globalbioticinteractions/template-dataset	https://zenodo.org/record/207958/files/globalbioticinteractions/template-dataset-0.0.2.zip		2017-09-25T21:59:19Z	application/globi
globalbioticinteractions/template-dataset	https://zenodo.org/record/207958/files/globalbioticinteractions/template-dataset-0.0.2.zip	631d3777cf83e1abea848b59a6589c470cf0c7d0fd99682c4c104481ad9a543f	2017-09-25T21:59:19Z	
globalbioticinteractions/template-dataset	jar:file:/home/jhpoelen/elton/./datasets/globalbioticinteractions/template-dataset/631d3777cf83e1abea848b59a6589c470cf0c7d0fd99682c4c104481ad9a543f!/globalbioticinteractions-template-dataset-e68f448/globi.json	1cc8eff62af0e6bb3e7771666e2e4109f351b7dfc6fc1dc8314e5671a8eecb80	2017-09-25T21:59:19Z	
globalbioticinteractions/template-dataset	https://zenodo.org/record/207958/files/globalbioticinteractions/template-dataset-0.0.2.zip	631d3777cf83e1abea848b59a6589c470cf0c7d0fd99682c4c104481ad9a543f	2017-09-25T21:59:20Z	
globalbioticinteractions/template-dataset	jar:file:/home/jhpoelen/elton/./datasets/globalbioticinteractions/template-dataset/631d3777cf83e1abea848b59a6589c470cf0c7d0fd99682c4c104481ad9a543f!/globalbioticinteractions-template-dataset-e68f448/interactions.tsv	c1b37add5ee5f30916f19811c59c2960e3b68ecf1a3846afe1776014c4c96271	2017-09-25T21:59:20Z	
globalbioticinteractions/template-dataset	https://zenodo.org/record/207958/files/globalbioticinteractions/template-dataset-0.0.2.zip		2017-10-02T04:45:39Z	application/globi
globalbioticinteractions/template-dataset	https://zenodo.org/record/207958/files/globalbioticinteractions/template-dataset-0.0.2.zip	631d3777cf83e1abea848b59a6589c470cf0c7d0fd99682c4c104481ad9a543f	2017-10-02T04:45:39Z	
globalbioticinteractions/template-dataset	jar:file:/home/jhpoelen/elton/./datasets/globalbioticinteractions/template-dataset/631d3777cf83e1abea848b59a6589c470cf0c7d0fd99682c4c104481ad9a543f!/globalbioticinteractions-template-dataset-e68f448/globi.json	1cc8eff62af0e6bb3e7771666e2e4109f351b7dfc6fc1dc8314e5671a8eecb80	2017-10-02T04:45:39Z	
globalbioticinteractions/template-dataset	https://zenodo.org/record/207958/files/globalbioticinteractions/template-dataset-0.0.2.zip	631d3777cf83e1abea848b59a6589c470cf0c7d0fd99682c4c104481ad9a543f	2017-10-02T04:45:39Z	
globalbioticinteractions/template-dataset	jar:file:/home/jhpoelen/elton/./datasets/globalbioticinteractions/template-dataset/631d3777cf83e1abea848b59a6589c470cf0c7d0fd99682c4c104481ad9a543f!/globalbioticinteractions-template-dataset-e68f448/interactions.tsv	c1b37add5ee5f30916f19811c59c2960e3b68ecf1a3846afe1776014c4c96271	2017-10-02T04:45:39Z	
globalbioticinteractions/template-dataset	https://zenodo.org/record/207958/files/globalbioticinteractions/template-dataset-0.0.2.zip		2017-10-14T21:54:02Z	application/globi
globalbioticinteractions/template-dataset	https://zenodo.org/record/207958/files/globalbioticinteractions/template-dataset-0.0.2.zip	631d3777cf83e1abea848b59a6589c470cf0c7d0fd99682c4c104481ad9a543f	2017-10-14T21:54:03Z	
globalbioticinteractions/template-dataset	jar:file:/home/jhpoelen/elton/./datasets/globalbioticinteractions/template-dataset/631d3777cf83e1abea848b59a6589c470cf0c7d0fd99682c4c104481ad9a543f!/globalbioticinteractions-template-dataset-e68f448/globi.json	1cc8eff62af0e6bb3e7771666e2e4109f351b7dfc6fc1dc8314e5671a8eecb80	2017-10-14T21:54:03Z	
globalbioticinteractions/template-dataset	https://zenodo.org/record/207958/files/globalbioticinteractions/template-dataset-0.0.2.zip	631d3777cf83e1abea848b59a6589c470cf0c7d0fd99682c4c104481ad9a543f	2017-10-14T21:54:03Z	
globalbioticinteractions/template-dataset	jar:file:/home/jhpoelen/elton/./datasets/globalbioticinteractions/template-dataset/631d3777cf83e1abea848b59a6589c470cf0c7d0fd99682c4c104481ad9a543f!/globalbioticinteractions-template-dataset-e68f448/interactions.tsv	c1b37add5ee5f30916f19811c59c2960e3b68ecf1a3846afe1776014c4c96271	2017-10-14T21:54:03Z	
globalbioticinteractions/template-dataset	https://zenodo.org/record/207958/files/globalbioticinteractions/template-dataset-0.0.2.zip		2017-10-21T22:19:07Z	application/globi
globalbioticinteractions/template-dataset	https://zenodo.org/record/207958/files/globalbioticinteractions/template-dataset-0.0.2.zip	631d3777cf83e1abea848b59a6589c470cf0c7d0fd99682c4c104481ad9a543f	2017-10-21T22:19:07Z	
globalbioticinteractions/template-dataset	jar:file:/home/jhpoelen/elton/./datasets/globalbioticinteractions/template-dataset/631d3777cf83e1abea848b59a6589c470cf0c7d0fd99682c4c104481ad9a543f!/globalbioticinteractions-template-dataset-e68f448/globi.json	1cc8eff62af0e6bb3e7771666e2e4109f351b7dfc6fc1dc8314e5671a8eecb80	2017-10-21T22:19:07Z	
globalbioticinteractions/template-dataset	https://zenodo.org/record/207958/files/globalbioticinteractions/template-dataset-0.0.2.zip	631d3777cf83e1abea848b59a6589c470cf0c7d0fd99682c4c104481ad9a543f	2017-10-21T22:19:07Z	
globalbioticinteractions/template-dataset	jar:file:/home/jhpoelen/elton/./datasets/globalbioticinteractions/template-dataset/631d3777cf83e1abea848b59a6589c470cf0c7d0fd99682c4c104481ad9a543f!/globalbioticinteractions-template-dataset-e68f448/interactions.tsv	c1b37add5ee5f30916f19811c59c2960e3b68ecf1a3846afe1776014c4c96271	2017-10-21T22:19:07Z	
globalbioticinteractions/template-dataset	https://zenodo.org/record/207958/files/globalbioticinteractions/template-dataset-0.0.2.zip		2017-10-28T22:40:29Z	application/globi
globalbioticinteractions/template-dataset	https://zenodo.org/record/207958/files/globalbioticinteractions/template-dataset-0.0.2.zip	631d3777cf83e1abea848b59a6589c470cf0c7d0fd99682c4c104481ad9a543f	2017-10-28T22:40:29Z	
globalbioticinteractions/template-dataset	jar:file:/home/jhpoelen/elton/./datasets/globalbioticinteractions/template-dataset/631d3777cf83e1abea848b59a6589c470cf0c7d0fd99682c4c104481ad9a543f!/globalbioticinteractions-template-dataset-e68f448/globi.json	1cc8eff62af0e6bb3e7771666e2e4109f351b7dfc6fc1dc8314e5671a8eecb80	2017-10-28T22:40:29Z	
globalbioticinteractions/template-dataset	https://zenodo.org/record/207958/files/globalbioticinteractions/template-dataset-0.0.2.zip	631d3777cf83e1abea848b59a6589c470cf0c7d0fd99682c4c104481ad9a543f	2017-10-28T22:40:29Z	
globalbioticinteractions/template-dataset	jar:file:/home/jhpoelen/elton/./datasets/globalbioticinteractions/template-dataset/631d3777cf83e1abea848b59a6589c470cf0c7d0fd99682c4c104481ad9a543f!/globalbioticinteractions-template-dataset-e68f448/interactions.tsv	c1b37add5ee5f30916f19811c59c2960e3b68ecf1a3846afe1776014c4c96271	2017-10-28T22:40:29Z	
globalbioticinteractions/template-dataset	https://zenodo.org/record/207958/files/globalbioticinteractions/template-dataset-0.0.2.zip		2017-11-05T00:08:53Z	application/globi
globalbioticinteractions/template-dataset	https://zenodo.org/record/207958/files/globalbioticinteractions/template-dataset-0.0.2.zip	631d3777cf83e1abea848b59a6589c470cf0c7d0fd99682c4c104481ad9a543f	2017-11-05T00:08:54Z	
globalbioticinteractions/template-dataset	jar:file:/home/jhpoelen/elton/./datasets/globalbioticinteractions/template-dataset/631d3777cf83e1abea848b59a6589c470cf0c7d0fd99682c4c104481ad9a543f!/globalbioticinteractions-template-dataset-e68f448/globi.json	1cc8eff62af0e6bb3e7771666e2e4109f351b7dfc6fc1dc8314e5671a8eecb80	2017-11-05T00:08:54Z	
globalbioticinteractions/template-dataset	https://zenodo.org/record/207958/files/globalbioticinteractions/template-dataset-0.0.2.zip	631d3777cf83e1abea848b59a6589c470cf0c7d0fd99682c4c104481ad9a543f	2017-11-05T00:08:54Z	
globalbioticinteractions/template-dataset	jar:file:/home/jhpoelen/elton/./datasets/globalbioticinteractions/template-dataset/631d3777cf83e1abea848b59a6589c470cf0c7d0fd99682c4c104481ad9a543f!/globalbioticinteractions-template-dataset-e68f448/interactions.tsv	c1b37add5ee5f30916f19811c59c2960e3b68ecf1a3846afe1776014c4c96271	2017-11-05T00:08:54Z	
globalbioticinteractions/template-dataset	https://zenodo.org/record/207958/files/globalbioticinteractions/template-dataset-0.0.2.zip		2017-11-07T18:21:30Z	application/globi
globalbioticinteractions/template-dataset	https://zenodo.org/record/207958/files/globalbioticinteractions/template-dataset-0.0.2.zip	631d3777cf83e1abea848b59a6589c470cf0c7d0fd99682c4c104481ad9a543f	2017-11-07T18:21:30Z	
globalbioticinteractions/template-dataset	jar:file:/home/jhpoelen/elton/./datasets/globalbioticinteractions/template-dataset/631d3777cf83e1abea848b59a6589c470cf0c7d0fd99682c4c104481ad9a543f!/globalbioticinteractions-template-dataset-e68f448/globi.json	1cc8eff62af0e6bb3e7771666e2e4109f351b7dfc6fc1dc8314e5671a8eecb80	2017-11-07T18:21:30Z	
globalbioticinteractions/template-dataset	https://zenodo.org/record/207958/files/globalbioticinteractions/template-dataset-0.0.2.zip	631d3777cf83e1abea848b59a6589c470cf0c7d0fd99682c4c104481ad9a543f	2017-11-07T18:21:30Z	
globalbioticinteractions/template-dataset	jar:file:/home/jhpoelen/elton/./datasets/globalbioticinteractions/template-dataset/631d3777cf83e1abea848b59a6589c470cf0c7d0fd99682c4c104481ad9a543f!/globalbioticinteractions-template-dataset-e68f448/interactions.tsv	c1b37add5ee5f30916f19811c59c2960e3b68ecf1a3846afe1776014c4c96271	2017-11-07T18:21:30Z	
globalbioticinteractions/template-dataset	https://zenodo.org/record/207958/files/globalbioticinteractions/template-dataset-0.0.2.zip		2017-11-14T18:57:17Z	application/globi
globalbioticinteractions/template-dataset	https://zenodo.org/record/207958/files/globalbioticinteractions/template-dataset-0.0.2.zip	631d3777cf83e1abea848b59a6589c470cf0c7d0fd99682c4c104481ad9a543f	2017-11-14T18:57:17Z	
globalbioticinteractions/template-dataset	jar:file:/home/jhpoelen/elton/./datasets/globalbioticinteractions/template-dataset/631d3777cf83e1abea848b59a6589c470cf0c7d0fd99682c4c104481ad9a543f!/globalbioticinteractions-template-dataset-e68f448/globi.json	1cc8eff62af0e6bb3e7771666e2e4109f351b7dfc6fc1dc8314e5671a8eecb80	2017-11-14T18:57:17Z	
globalbioticinteractions/template-dataset	https://zenodo.org/record/207958/files/globalbioticinteractions/template-dataset-0.0.2.zip	631d3777cf83e1abea848b59a6589c470cf0c7d0fd99682c4c104481ad9a543f	2017-11-14T18:57:18Z	
globalbioticinteractions/template-dataset	jar:file:/home/jhpoelen/elton/./datasets/globalbioticinteractions/template-dataset/631d3777cf83e1abea848b59a6589c470cf0c7d0fd99682c4c104481ad9a543f!/globalbioticinteractions-template-dataset-e68f448/interactions.tsv	c1b37add5ee5f30916f19811c59c2960e3b68ecf1a3846afe1776014c4c96271	2017-11-14T18:57:18Z	
globalbioticinteractions/template-dataset	https://zenodo.org/record/207958/files/globalbioticinteractions/template-dataset-0.0.2.zip		2017-11-21T19:00:38Z	application/globi
globalbioticinteractions/template-dataset	https://zenodo.org/record/207958/files/globalbioticinteractions/template-dataset-0.0.2.zip	631d3777cf83e1abea848b59a6589c470cf0c7d0fd99682c4c104481ad9a543f	2017-11-21T19:00:38Z	
globalbioticinteractions/template-dataset	jar:file:/home/jhpoelen/elton/./datasets/globalbioticinteractions/template-dataset/631d3777cf83e1abea848b59a6589c470cf0c7d0fd99682c4c104481ad9a543f!/globalbioticinteractions-template-dataset-e68f448/globi.json	1cc8eff62af0e6bb3e7771666e2e4109f351b7dfc6fc1dc8314e5671a8eecb80	2017-11-21T19:00:38Z	
globalbioticinteractions/template-dataset	https://zenodo.org/record/207958/files/globalbioticinteractions/template-dataset-0.0.2.zip	631d3777cf83e1abea848b59a6589c470cf0c7d0fd99682c4c104481ad9a543f	2017-11-21T19:00:38Z	
globalbioticinteractions/template-dataset	jar:file:/home/jhpoelen/elton/./datasets/globalbioticinteractions/template-dataset/631d3777cf83e1abea848b59a6589c470cf0c7d0fd99682c4c104481ad9a543f!/globalbioticinteractions-template-dataset-e68f448/interactions.tsv	c1b37add5ee5f30916f19811c59c2960e3b68ecf1a3846afe1776014c4c96271	2017-11-21T19:00:38Z	
globalbioticinteractions/template-dataset	https://zenodo.org/record/207958/files/globalbioticinteractions/template-dataset-0.0.2.zip		2017-11-28T19:40:01Z	application/globi
globalbioticinteractions/template-dataset	https://zenodo.org/record/207958/files/globalbioticinteractions/template-dataset-0.0.2.zip	631d3777cf83e1abea848b59a6589c470cf0c7d0fd99682c4c104481ad9a543f	2017-11-28T19:40:01Z	
globalbioticinteractions/template-dataset	jar:file:/home/jhpoelen/elton/./datasets/globalbioticinteractions/template-dataset/631d3777cf83e1abea848b59a6589c470cf0c7d0fd99682c4c104481ad9a543f!/globalbioticinteractions-template-dataset-e68f448/globi.json	1cc8eff62af0e6bb3e7771666e2e4109f351b7dfc6fc1dc8314e5671a8eecb80	2017-11-28T19:40:01Z	
globalbioticinteractions/template-dataset	https://zenodo.org/record/207958/files/globalbioticinteractions/template-dataset-0.0.2.zip	631d3777cf83e1abea848b59a6589c470cf0c7d0fd99682c4c104481ad9a543f	2017-11-28T19:40:01Z	
globalbioticinteractions/template-dataset	jar:file:/home/jhpoelen/elton/./datasets/globalbioticinteractions/template-dataset/631d3777cf83e1abea848b59a6589c470cf0c7d0fd99682c4c104481ad9a543f!/globalbioticinteractions-template-dataset-e68f448/interactions.tsv	c1b37add5ee5f30916f19811c59c2960e3b68ecf1a3846afe1776014c4c96271	2017-11-28T19:40:01Z	
globalbioticinteractions/template-dataset	https://zenodo.org/record/207958/files/globalbioticinteractions/template-dataset-0.0.2.zip		2017-12-09T20:35:45Z	application/globi
globalbioticinteractions/template-dataset	https://zenodo.org/record/207958/files/globalbioticinteractions/template-dataset-0.0.2.zip	631d3777cf83e1abea848b59a6589c470cf0c7d0fd99682c4c104481ad9a543f	2017-12-09T20:35:46Z	
globalbioticinteractions/template-dataset	jar:file:/home/jhpoelen/elton/./datasets/globalbioticinteractions/template-dataset/631d3777cf83e1abea848b59a6589c470cf0c7d0fd99682c4c104481ad9a543f!/globalbioticinteractions-template-dataset-e68f448/globi.json	1cc8eff62af0e6bb3e7771666e2e4109f351b7dfc6fc1dc8314e5671a8eecb80	2017-12-09T20:35:46Z	
globalbioticinteractions/template-dataset	https://zenodo.org/record/207958/files/globalbioticinteractions/template-dataset-0.0.2.zip	631d3777cf83e1abea848b59a6589c470cf0c7d0fd99682c4c104481ad9a543f	2017-12-09T20:35:46Z	
globalbioticinteractions/template-dataset	jar:file:/home/jhpoelen/elton/./datasets/globalbioticinteractions/template-dataset/631d3777cf83e1abea848b59a6589c470cf0c7d0fd99682c4c104481ad9a543f!/globalbioticinteractions-template-dataset-e68f448/interactions.tsv	c1b37add5ee5f30916f19811c59c2960e3b68ecf1a3846afe1776014c4c96271	2017-12-09T20:35:46Z	
globalbioticinteractions/template-dataset	https://zenodo.org/record/207958/files/globalbioticinteractions/template-dataset-0.0.2.zip		2017-12-16T20:55:42Z	application/globi
globalbioticinteractions/template-dataset	https://zenodo.org/record/207958/files/globalbioticinteractions/template-dataset-0.0.2.zip	631d3777cf83e1abea848b59a6589c470cf0c7d0fd99682c4c104481ad9a543f	2017-12-16T20:55:42Z	
globalbioticinteractions/template-dataset	jar:file:/home/jhpoelen/elton/./datasets/globalbioticinteractions/template-dataset/631d3777cf83e1abea848b59a6589c470cf0c7d0fd99682c4c104481ad9a543f!/globalbioticinteractions-template-dataset-e68f448/globi.json	1cc8eff62af0e6bb3e7771666e2e4109f351b7dfc6fc1dc8314e5671a8eecb80	2017-12-16T20:55:42Z	
globalbioticinteractions/template-dataset	https://zenodo.org/record/207958/files/globalbioticinteractions/template-dataset-0.0.2.zip	631d3777cf83e1abea848b59a6589c470cf0c7d0fd99682c4c104481ad9a543f	2017-12-16T20:55:42Z	
globalbioticinteractions/template-dataset	jar:file:/home/jhpoelen/elton/./datasets/globalbioticinteractions/template-dataset/631d3777cf83e1abea848b59a6589c470cf0c7d0fd99682c4c104481ad9a543f!/globalbioticinteractions-template-dataset-e68f448/interactions.tsv	c1b37add5ee5f30916f19811c59c2960e3b68ecf1a3846afe1776014c4c96271	2017-12-16T20:55:42Z	
globalbioticinteractions/template-dataset	https://zenodo.org/record/207958/files/globalbioticinteractions/template-dataset-0.0.2.zip		2017-12-23T21:16:13Z	application/globi
globalbioticinteractions/template-dataset	https://zenodo.org/record/207958/files/globalbioticinteractions/template-dataset-0.0.2.zip	631d3777cf83e1abea848b59a6589c470cf0c7d0fd99682c4c104481ad9a543f	2017-12-23T21:16:13Z	
globalbioticinteractions/template-dataset	jar:file:/home/jhpoelen/elton/./datasets/globalbioticinteractions/template-dataset/631d3777cf83e1abea848b59a6589c470cf0c7d0fd99682c4c104481ad9a543f!/globalbioticinteractions-template-dataset-e68f448/globi.json	1cc8eff62af0e6bb3e7771666e2e4109f351b7dfc6fc1dc8314e5671a8eecb80	2017-12-23T21:16:13Z	
globalbioticinteractions/template-dataset	https://zenodo.org/record/207958/files/globalbioticinteractions/template-dataset-0.0.2.zip	631d3777cf83e1abea848b59a6589c470cf0c7d0fd99682c4c104481ad9a543f	2017-12-23T21:16:13Z	
globalbioticinteractions/template-dataset	jar:file:/home/jhpoelen/elton/./datasets/globalbioticinteractions/template-dataset/631d3777cf83e1abea848b59a6589c470cf0c7d0fd99682c4c104481ad9a543f!/globalbioticinteractions-template-dataset-e68f448/interactions.tsv	c1b37add5ee5f30916f19811c59c2960e3b68ecf1a3846afe1776014c4c96271	2017-12-23T21:16:13Z	
globalbioticinteractions/template-dataset	https://zenodo.org/record/207958/files/globalbioticinteractions/template-dataset-0.0.2.zip		2017-12-30T21:37:29Z	application/globi
globalbioticinteractions/template-dataset	https://zenodo.org/record/207958/files/globalbioticinteractions/template-dataset-0.0.2.zip	631d3777cf83e1abea848b59a6589c470cf0c7d0fd99682c4c104481ad9a543f	2017-12-30T21:37:29Z	
globalbioticinteractions/template-dataset	jar:file:/home/jhpoelen/elton/./datasets/globalbioticinteractions/template-dataset/631d3777cf83e1abea848b59a6589c470cf0c7d0fd99682c4c104481ad9a543f!/globalbioticinteractions-template-dataset-e68f448/globi.json	1cc8eff62af0e6bb3e7771666e2e4109f351b7dfc6fc1dc8314e5671a8eecb80	2017-12-30T21:37:29Z	
globalbioticinteractions/template-dataset	https://zenodo.org/record/207958/files/globalbioticinteractions/template-dataset-0.0.2.zip	631d3777cf83e1abea848b59a6589c470cf0c7d0fd99682c4c104481ad9a543f	2017-12-30T21:37:29Z	
globalbioticinteractions/template-dataset	jar:file:/home/jhpoelen/elton/./datasets/globalbioticinteractions/template-dataset/631d3777cf83e1abea848b59a6589c470cf0c7d0fd99682c4c104481ad9a543f!/globalbioticinteractions-template-dataset-e68f448/interactions.tsv	c1b37add5ee5f30916f19811c59c2960e3b68ecf1a3846afe1776014c4c96271	2017-12-30T21:37:29Z	
globalbioticinteractions/template-dataset	https://zenodo.org/record/207958/files/globalbioticinteractions/template-dataset-0.0.2.zip		2018-01-06T10:56:19Z	application/globi
globalbioticinteractions/template-dataset	https://zenodo.org/record/207958/files/globalbioticinteractions/template-dataset-0.0.2.zip	631d3777cf83e1abea848b59a6589c470cf0c7d0fd99682c4c104481ad9a543f	2018-01-06T10:56:19Z	
globalbioticinteractions/template-dataset	jar:file:/home/jhpoelen/elton/./datasets/globalbioticinteractions/template-dataset/631d3777cf83e1abea848b59a6589c470cf0c7d0fd99682c4c104481ad9a543f!/globalbioticinteractions-template-dataset-e68f448/globi.json	1cc8eff62af0e6bb3e7771666e2e4109f351b7dfc6fc1dc8314e5671a8eecb80	2018-01-06T10:56:19Z	
globalbioticinteractions/template-dataset	https://zenodo.org/record/207958/files/globalbioticinteractions/template-dataset-0.0.2.zip	631d3777cf83e1abea848b59a6589c470cf0c7d0fd99682c4c104481ad9a543f	2018-01-06T10:56:19Z	
globalbioticinteractions/template-dataset	jar:file:/home/jhpoelen/elton/./datasets/globalbioticinteractions/template-dataset/631d3777cf83e1abea848b59a6589c470cf0c7d0fd99682c4c104481ad9a543f!/globalbioticinteractions-template-dataset-e68f448/interactions.tsv	c1b37add5ee5f30916f19811c59c2960e3b68ecf1a3846afe1776014c4c96271	2018-01-06T10:56:19Z	
globalbioticinteractions/template-dataset	https://zenodo.org/record/207958/files/globalbioticinteractions/template-dataset-0.0.2.zip		2018-01-13T11:26:18Z	application/globi
globalbioticinteractions/template-dataset	https://zenodo.org/record/207958/files/globalbioticinteractions/template-dataset-0.0.2.zip	631d3777cf83e1abea848b59a6589c470cf0c7d0fd99682c4c104481ad9a543f	2018-01-13T11:26:19Z	
globalbioticinteractions/template-dataset	jar:file:/home/jhpoelen/elton/./datasets/globalbioticinteractions/template-dataset/631d3777cf83e1abea848b59a6589c470cf0c7d0fd99682c4c104481ad9a543f!/globalbioticinteractions-template-dataset-e68f448/globi.json	1cc8eff62af0e6bb3e7771666e2e4109f351b7dfc6fc1dc8314e5671a8eecb80	2018-01-13T11:26:19Z	
globalbioticinteractions/template-dataset	https://zenodo.org/record/207958/files/globalbioticinteractions/template-dataset-0.0.2.zip	631d3777cf83e1abea848b59a6589c470cf0c7d0fd99682c4c104481ad9a543f	2018-01-13T11:26:19Z	
globalbioticinteractions/template-dataset	jar:file:/home/jhpoelen/elton/./datasets/globalbioticinteractions/template-dataset/631d3777cf83e1abea848b59a6589c470cf0c7d0fd99682c4c104481ad9a543f!/globalbioticinteractions-template-dataset-e68f448/interactions.tsv	c1b37add5ee5f30916f19811c59c2960e3b68ecf1a3846afe1776014c4c96271	2018-01-13T11:26:19Z	
globalbioticinteractions/template-dataset	https://zenodo.org/record/207958/files/globalbioticinteractions/template-dataset-0.0.2.zip		2018-01-20T11:55:01Z	application/globi
globalbioticinteractions/template-dataset	https://zenodo.org/record/207958/files/globalbioticinteractions/template-dataset-0.0.2.zip	631d3777cf83e1abea848b59a6589c470cf0c7d0fd99682c4c104481ad9a543f	2018-01-20T11:55:02Z	
globalbioticinteractions/template-dataset	jar:file:/home/jhpoelen/elton/./datasets/globalbioticinteractions/template-dataset/631d3777cf83e1abea848b59a6589c470cf0c7d0fd99682c4c104481ad9a543f!/globalbioticinteractions-template-dataset-e68f448/globi.json	1cc8eff62af0e6bb3e7771666e2e4109f351b7dfc6fc1dc8314e5671a8eecb80	2018-01-20T11:55:02Z	
globalbioticinteractions/template-dataset	https://zenodo.org/record/207958/files/globalbioticinteractions/template-dataset-0.0.2.zip	631d3777cf83e1abea848b59a6589c470cf0c7d0fd99682c4c104481ad9a543f	2018-01-20T11:55:02Z	
globalbioticinteractions/template-dataset	jar:file:/home/jhpoelen/elton/./datasets/globalbioticinteractions/template-dataset/631d3777cf83e1abea848b59a6589c470cf0c7d0fd99682c4c104481ad9a543f!/globalbioticinteractions-template-dataset-e68f448/interactions.tsv	c1b37add5ee5f30916f19811c59c2960e3b68ecf1a3846afe1776014c4c96271	2018-01-20T11:55:02Z	
globalbioticinteractions/template-dataset	https://zenodo.org/record/207958/files/globalbioticinteractions/template-dataset-0.0.2.zip		2018-01-27T08:56:07Z	application/globi
globalbioticinteractions/template-dataset	https://zenodo.org/record/207958/files/globalbioticinteractions/template-dataset-0.0.2.zip	631d3777cf83e1abea848b59a6589c470cf0c7d0fd99682c4c104481ad9a543f	2018-01-27T08:56:08Z	
globalbioticinteractions/template-dataset	jar:file:/home/jhpoelen/elton/./datasets/globalbioticinteractions/template-dataset/631d3777cf83e1abea848b59a6589c470cf0c7d0fd99682c4c104481ad9a543f!/globalbioticinteractions-template-dataset-e68f448/globi.json	1cc8eff62af0e6bb3e7771666e2e4109f351b7dfc6fc1dc8314e5671a8eecb80	2018-01-27T08:56:08Z	
globalbioticinteractions/template-dataset	https://zenodo.org/record/207958/files/globalbioticinteractions/template-dataset-0.0.2.zip	631d3777cf83e1abea848b59a6589c470cf0c7d0fd99682c4c104481ad9a543f	2018-01-27T08:56:08Z	
globalbioticinteractions/template-dataset	jar:file:/home/jhpoelen/elton/./datasets/globalbioticinteractions/template-dataset/631d3777cf83e1abea848b59a6589c470cf0c7d0fd99682c4c104481ad9a543f!/globalbioticinteractions-template-dataset-e68f448/interactions.tsv	c1b37add5ee5f30916f19811c59c2960e3b68ecf1a3846afe1776014c4c96271	2018-01-27T08:56:08Z	