millerse/Host-plant-and-distribution-records	https://zenodo.org/record/259822/files/millerse/Host-plant-and-distribution-records-v1.0.zip		2017-09-18T18:06:49Z	application/globi
millerse/Host-plant-and-distribution-records	https://zenodo.org/record/259822/files/millerse/Host-plant-and-distribution-records-v1.0.zip	2a9e01103a173d7518eb3e73681bd0503fc845cb43315d094a03301cd741f180	2017-09-18T18:06:49Z	
millerse/Host-plant-and-distribution-records	jar:file:/home/jhpoelen/elton/./datasets/millerse/Host-plant-and-distribution-records/2a9e01103a173d7518eb3e73681bd0503fc845cb43315d094a03301cd741f180!/millerse-Host-plant-and-distribution-records-1c876ea/globi.json	93f3e7592acfc31cfb4982655a796f4a86d8deff1ed7521ff8c90be044fdd35b	2017-09-18T18:06:49Z	
millerse/Host-plant-and-distribution-records	jar:file:/home/jhpoelen/elton/./datasets/millerse/Host-plant-and-distribution-records/2a9e01103a173d7518eb3e73681bd0503fc845cb43315d094a03301cd741f180!/millerse-Host-plant-and-distribution-records-1c876ea/interactions.tsv	d0019d302de994bbc98c17fdb76f4e9aae8b2d0bcafb5ae56cae71f444cbd84a	2017-09-18T18:06:49Z	
millerse/Host-plant-and-distribution-records	https://zenodo.org/record/259822/files/millerse/Host-plant-and-distribution-records-v1.0.zip		2017-09-18T22:24:23Z	application/globi
millerse/Host-plant-and-distribution-records	https://zenodo.org/record/259822/files/millerse/Host-plant-and-distribution-records-v1.0.zip		2017-09-19T22:25:47Z	application/globi
millerse/Host-plant-and-distribution-records	https://zenodo.org/record/259822/files/millerse/Host-plant-and-distribution-records-v1.0.zip		2017-09-20T22:24:37Z	application/globi
millerse/Host-plant-and-distribution-records	https://zenodo.org/record/259822/files/millerse/Host-plant-and-distribution-records-v1.0.zip		2017-09-20T22:38:10Z	application/globi
millerse/Host-plant-and-distribution-records	https://zenodo.org/record/259822/files/millerse/Host-plant-and-distribution-records-v1.0.zip		2017-09-21T01:30:22Z	application/globi
millerse/Host-plant-and-distribution-records	https://zenodo.org/record/259822/files/millerse/Host-plant-and-distribution-records-v1.0.zip		2017-09-21T21:37:25Z	application/globi
millerse/Host-plant-and-distribution-records	https://zenodo.org/record/259822/files/millerse/Host-plant-and-distribution-records-v1.0.zip	2a9e01103a173d7518eb3e73681bd0503fc845cb43315d094a03301cd741f180	2017-09-21T21:37:25Z	
millerse/Host-plant-and-distribution-records	jar:file:/home/jhpoelen/elton/./datasets/millerse/Host-plant-and-distribution-records/2a9e01103a173d7518eb3e73681bd0503fc845cb43315d094a03301cd741f180!/millerse-Host-plant-and-distribution-records-1c876ea/globi.json	93f3e7592acfc31cfb4982655a796f4a86d8deff1ed7521ff8c90be044fdd35b	2017-09-21T21:37:25Z	
millerse/Host-plant-and-distribution-records	https://zenodo.org/record/259822/files/millerse/Host-plant-and-distribution-records-v1.0.zip	2a9e01103a173d7518eb3e73681bd0503fc845cb43315d094a03301cd741f180	2017-09-21T21:37:25Z	
millerse/Host-plant-and-distribution-records	jar:file:/home/jhpoelen/elton/./datasets/millerse/Host-plant-and-distribution-records/2a9e01103a173d7518eb3e73681bd0503fc845cb43315d094a03301cd741f180!/millerse-Host-plant-and-distribution-records-1c876ea/interactions.tsv	d0019d302de994bbc98c17fdb76f4e9aae8b2d0bcafb5ae56cae71f444cbd84a	2017-09-21T21:37:25Z	
millerse/Host-plant-and-distribution-records	https://zenodo.org/record/259822/files/millerse/Host-plant-and-distribution-records-v1.0.zip		2017-09-22T21:44:47Z	application/globi
millerse/Host-plant-and-distribution-records	https://zenodo.org/record/259822/files/millerse/Host-plant-and-distribution-records-v1.0.zip	2a9e01103a173d7518eb3e73681bd0503fc845cb43315d094a03301cd741f180	2017-09-22T21:44:47Z	
millerse/Host-plant-and-distribution-records	jar:file:/home/jhpoelen/elton/./datasets/millerse/Host-plant-and-distribution-records/2a9e01103a173d7518eb3e73681bd0503fc845cb43315d094a03301cd741f180!/millerse-Host-plant-and-distribution-records-1c876ea/globi.json	93f3e7592acfc31cfb4982655a796f4a86d8deff1ed7521ff8c90be044fdd35b	2017-09-22T21:44:47Z	
millerse/Host-plant-and-distribution-records	https://zenodo.org/record/259822/files/millerse/Host-plant-and-distribution-records-v1.0.zip	2a9e01103a173d7518eb3e73681bd0503fc845cb43315d094a03301cd741f180	2017-09-22T21:44:47Z	
millerse/Host-plant-and-distribution-records	jar:file:/home/jhpoelen/elton/./datasets/millerse/Host-plant-and-distribution-records/2a9e01103a173d7518eb3e73681bd0503fc845cb43315d094a03301cd741f180!/millerse-Host-plant-and-distribution-records-1c876ea/interactions.tsv	d0019d302de994bbc98c17fdb76f4e9aae8b2d0bcafb5ae56cae71f444cbd84a	2017-09-22T21:44:47Z	
millerse/Host-plant-and-distribution-records	https://zenodo.org/record/259822/files/millerse/Host-plant-and-distribution-records-v1.0.zip		2017-09-23T21:52:08Z	application/globi
millerse/Host-plant-and-distribution-records	https://zenodo.org/record/259822/files/millerse/Host-plant-and-distribution-records-v1.0.zip	2a9e01103a173d7518eb3e73681bd0503fc845cb43315d094a03301cd741f180	2017-09-23T21:52:08Z	
millerse/Host-plant-and-distribution-records	jar:file:/home/jhpoelen/elton/./datasets/millerse/Host-plant-and-distribution-records/2a9e01103a173d7518eb3e73681bd0503fc845cb43315d094a03301cd741f180!/millerse-Host-plant-and-distribution-records-1c876ea/globi.json	93f3e7592acfc31cfb4982655a796f4a86d8deff1ed7521ff8c90be044fdd35b	2017-09-23T21:52:08Z	
millerse/Host-plant-and-distribution-records	https://zenodo.org/record/259822/files/millerse/Host-plant-and-distribution-records-v1.0.zip	2a9e01103a173d7518eb3e73681bd0503fc845cb43315d094a03301cd741f180	2017-09-23T21:52:08Z	
millerse/Host-plant-and-distribution-records	jar:file:/home/jhpoelen/elton/./datasets/millerse/Host-plant-and-distribution-records/2a9e01103a173d7518eb3e73681bd0503fc845cb43315d094a03301cd741f180!/millerse-Host-plant-and-distribution-records-1c876ea/interactions.tsv	d0019d302de994bbc98c17fdb76f4e9aae8b2d0bcafb5ae56cae71f444cbd84a	2017-09-23T21:52:08Z	
millerse/Host-plant-and-distribution-records	https://zenodo.org/record/259822/files/millerse/Host-plant-and-distribution-records-v1.0.zip		2017-09-24T21:59:54Z	application/globi
millerse/Host-plant-and-distribution-records	https://zenodo.org/record/259822/files/millerse/Host-plant-and-distribution-records-v1.0.zip	2a9e01103a173d7518eb3e73681bd0503fc845cb43315d094a03301cd741f180	2017-09-24T21:59:54Z	
millerse/Host-plant-and-distribution-records	jar:file:/home/jhpoelen/elton/./datasets/millerse/Host-plant-and-distribution-records/2a9e01103a173d7518eb3e73681bd0503fc845cb43315d094a03301cd741f180!/millerse-Host-plant-and-distribution-records-1c876ea/globi.json	93f3e7592acfc31cfb4982655a796f4a86d8deff1ed7521ff8c90be044fdd35b	2017-09-24T21:59:54Z	
millerse/Host-plant-and-distribution-records	https://zenodo.org/record/259822/files/millerse/Host-plant-and-distribution-records-v1.0.zip	2a9e01103a173d7518eb3e73681bd0503fc845cb43315d094a03301cd741f180	2017-09-24T21:59:54Z	
millerse/Host-plant-and-distribution-records	jar:file:/home/jhpoelen/elton/./datasets/millerse/Host-plant-and-distribution-records/2a9e01103a173d7518eb3e73681bd0503fc845cb43315d094a03301cd741f180!/millerse-Host-plant-and-distribution-records-1c876ea/interactions.tsv	d0019d302de994bbc98c17fdb76f4e9aae8b2d0bcafb5ae56cae71f444cbd84a	2017-09-24T21:59:54Z	
millerse/Host-plant-and-distribution-records	https://zenodo.org/record/259822/files/millerse/Host-plant-and-distribution-records-v1.0.zip		2017-09-25T22:07:21Z	application/globi
millerse/Host-plant-and-distribution-records	https://zenodo.org/record/259822/files/millerse/Host-plant-and-distribution-records-v1.0.zip	2a9e01103a173d7518eb3e73681bd0503fc845cb43315d094a03301cd741f180	2017-09-25T22:07:21Z	
millerse/Host-plant-and-distribution-records	jar:file:/home/jhpoelen/elton/./datasets/millerse/Host-plant-and-distribution-records/2a9e01103a173d7518eb3e73681bd0503fc845cb43315d094a03301cd741f180!/millerse-Host-plant-and-distribution-records-1c876ea/globi.json	93f3e7592acfc31cfb4982655a796f4a86d8deff1ed7521ff8c90be044fdd35b	2017-09-25T22:07:21Z	
millerse/Host-plant-and-distribution-records	https://zenodo.org/record/259822/files/millerse/Host-plant-and-distribution-records-v1.0.zip	2a9e01103a173d7518eb3e73681bd0503fc845cb43315d094a03301cd741f180	2017-09-25T22:07:22Z	
millerse/Host-plant-and-distribution-records	jar:file:/home/jhpoelen/elton/./datasets/millerse/Host-plant-and-distribution-records/2a9e01103a173d7518eb3e73681bd0503fc845cb43315d094a03301cd741f180!/millerse-Host-plant-and-distribution-records-1c876ea/interactions.tsv	d0019d302de994bbc98c17fdb76f4e9aae8b2d0bcafb5ae56cae71f444cbd84a	2017-09-25T22:07:22Z	
millerse/Host-plant-and-distribution-records	https://zenodo.org/record/259822/files/millerse/Host-plant-and-distribution-records-v1.0.zip		2017-10-02T04:52:59Z	application/globi
millerse/Host-plant-and-distribution-records	https://zenodo.org/record/259822/files/millerse/Host-plant-and-distribution-records-v1.0.zip	2a9e01103a173d7518eb3e73681bd0503fc845cb43315d094a03301cd741f180	2017-10-02T04:53:00Z	
millerse/Host-plant-and-distribution-records	jar:file:/home/jhpoelen/elton/./datasets/millerse/Host-plant-and-distribution-records/2a9e01103a173d7518eb3e73681bd0503fc845cb43315d094a03301cd741f180!/millerse-Host-plant-and-distribution-records-1c876ea/globi.json	93f3e7592acfc31cfb4982655a796f4a86d8deff1ed7521ff8c90be044fdd35b	2017-10-02T04:53:00Z	
millerse/Host-plant-and-distribution-records	https://zenodo.org/record/259822/files/millerse/Host-plant-and-distribution-records-v1.0.zip	2a9e01103a173d7518eb3e73681bd0503fc845cb43315d094a03301cd741f180	2017-10-02T04:53:00Z	
millerse/Host-plant-and-distribution-records	jar:file:/home/jhpoelen/elton/./datasets/millerse/Host-plant-and-distribution-records/2a9e01103a173d7518eb3e73681bd0503fc845cb43315d094a03301cd741f180!/millerse-Host-plant-and-distribution-records-1c876ea/interactions.tsv	d0019d302de994bbc98c17fdb76f4e9aae8b2d0bcafb5ae56cae71f444cbd84a	2017-10-02T04:53:00Z	