globalbioticinteractions/aps	https://github.com/globalbioticinteractions/aps/archive/d21982a5f79a998e67ba71e0b0c0b9f6d26d9c55.zip		2017-09-18T23:10:21Z	application/globi
globalbioticinteractions/aps	https://github.com/globalbioticinteractions/aps/archive/d21982a5f79a998e67ba71e0b0c0b9f6d26d9c55.zip	2f09ea7e329dd477bbf6f822d86294302b9cd88b981bc3d9d410ebe8f66ca201	2017-09-18T23:10:21Z	
globalbioticinteractions/aps	jar:file:/home/jhpoelen/elton/./datasets/globalbioticinteractions/aps/2f09ea7e329dd477bbf6f822d86294302b9cd88b981bc3d9d410ebe8f66ca201!/aps-d21982a5f79a998e67ba71e0b0c0b9f6d26d9c55/globi.json	29e9f89c7779bab43958cdddd6a6da44539f01309283c63b7df84dd52b54dcc1	2017-09-18T23:10:21Z	
globalbioticinteractions/aps	http://build.berkeleybop.org/view/Planteome/job/extract-apsnet-diseases/lastSuccessfulBuild/artifact/apsnet.tsv	949fec5bee0e10e0212b2af6629be61db67410babb8ce832dd64924da93b5432	2017-09-18T23:10:23Z	
globalbioticinteractions/aps	https://github.com/globalbioticinteractions/aps/archive/d21982a5f79a998e67ba71e0b0c0b9f6d26d9c55.zip		2017-09-19T22:26:26Z	application/globi
globalbioticinteractions/aps	https://github.com/globalbioticinteractions/aps/archive/d21982a5f79a998e67ba71e0b0c0b9f6d26d9c55.zip		2017-09-20T22:25:29Z	application/globi
globalbioticinteractions/aps	https://github.com/globalbioticinteractions/aps/archive/d21982a5f79a998e67ba71e0b0c0b9f6d26d9c55.zip		2017-09-20T22:38:45Z	application/globi
globalbioticinteractions/aps	https://github.com/globalbioticinteractions/aps/archive/d21982a5f79a998e67ba71e0b0c0b9f6d26d9c55.zip		2017-09-21T01:30:53Z	application/globi
globalbioticinteractions/aps	https://github.com/globalbioticinteractions/aps/archive/d21982a5f79a998e67ba71e0b0c0b9f6d26d9c55.zip		2017-09-21T22:04:06Z	application/globi
globalbioticinteractions/aps	https://github.com/globalbioticinteractions/aps/archive/d21982a5f79a998e67ba71e0b0c0b9f6d26d9c55.zip	2f09ea7e329dd477bbf6f822d86294302b9cd88b981bc3d9d410ebe8f66ca201	2017-09-21T22:04:07Z	
globalbioticinteractions/aps	jar:file:/home/jhpoelen/elton/./datasets/globalbioticinteractions/aps/2f09ea7e329dd477bbf6f822d86294302b9cd88b981bc3d9d410ebe8f66ca201!/aps-d21982a5f79a998e67ba71e0b0c0b9f6d26d9c55/globi.json	29e9f89c7779bab43958cdddd6a6da44539f01309283c63b7df84dd52b54dcc1	2017-09-21T22:04:07Z	
globalbioticinteractions/aps	http://build.berkeleybop.org/view/Planteome/job/extract-apsnet-diseases/lastSuccessfulBuild/artifact/apsnet.tsv	dafa8f3c99fc8062d1763163571a3cd4a9875adbbee3b37823d88a6a16375740	2017-09-21T22:04:08Z	
globalbioticinteractions/aps	https://github.com/globalbioticinteractions/aps/archive/d21982a5f79a998e67ba71e0b0c0b9f6d26d9c55.zip		2017-09-22T22:13:58Z	application/globi
globalbioticinteractions/aps	https://github.com/globalbioticinteractions/aps/archive/d21982a5f79a998e67ba71e0b0c0b9f6d26d9c55.zip	2f09ea7e329dd477bbf6f822d86294302b9cd88b981bc3d9d410ebe8f66ca201	2017-09-22T22:13:58Z	
globalbioticinteractions/aps	jar:file:/home/jhpoelen/elton/./datasets/globalbioticinteractions/aps/2f09ea7e329dd477bbf6f822d86294302b9cd88b981bc3d9d410ebe8f66ca201!/aps-d21982a5f79a998e67ba71e0b0c0b9f6d26d9c55/globi.json	29e9f89c7779bab43958cdddd6a6da44539f01309283c63b7df84dd52b54dcc1	2017-09-22T22:13:58Z	
globalbioticinteractions/aps	http://build.berkeleybop.org/view/Planteome/job/extract-apsnet-diseases/lastSuccessfulBuild/artifact/apsnet.tsv	dafa8f3c99fc8062d1763163571a3cd4a9875adbbee3b37823d88a6a16375740	2017-09-22T22:13:59Z	
globalbioticinteractions/aps	https://github.com/globalbioticinteractions/aps/archive/d21982a5f79a998e67ba71e0b0c0b9f6d26d9c55.zip		2017-09-23T22:20:55Z	application/globi
globalbioticinteractions/aps	https://github.com/globalbioticinteractions/aps/archive/d21982a5f79a998e67ba71e0b0c0b9f6d26d9c55.zip	2f09ea7e329dd477bbf6f822d86294302b9cd88b981bc3d9d410ebe8f66ca201	2017-09-23T22:20:55Z	
globalbioticinteractions/aps	jar:file:/home/jhpoelen/elton/./datasets/globalbioticinteractions/aps/2f09ea7e329dd477bbf6f822d86294302b9cd88b981bc3d9d410ebe8f66ca201!/aps-d21982a5f79a998e67ba71e0b0c0b9f6d26d9c55/globi.json	29e9f89c7779bab43958cdddd6a6da44539f01309283c63b7df84dd52b54dcc1	2017-09-23T22:20:55Z	
globalbioticinteractions/aps	http://build.berkeleybop.org/view/Planteome/job/extract-apsnet-diseases/lastSuccessfulBuild/artifact/apsnet.tsv	dafa8f3c99fc8062d1763163571a3cd4a9875adbbee3b37823d88a6a16375740	2017-09-23T22:20:56Z	
globalbioticinteractions/aps	https://github.com/globalbioticinteractions/aps/archive/d21982a5f79a998e67ba71e0b0c0b9f6d26d9c55.zip		2017-09-24T22:38:46Z	application/globi
globalbioticinteractions/aps	https://github.com/globalbioticinteractions/aps/archive/d21982a5f79a998e67ba71e0b0c0b9f6d26d9c55.zip	2f09ea7e329dd477bbf6f822d86294302b9cd88b981bc3d9d410ebe8f66ca201	2017-09-24T22:38:46Z	
globalbioticinteractions/aps	jar:file:/home/jhpoelen/elton/./datasets/globalbioticinteractions/aps/2f09ea7e329dd477bbf6f822d86294302b9cd88b981bc3d9d410ebe8f66ca201!/aps-d21982a5f79a998e67ba71e0b0c0b9f6d26d9c55/globi.json	29e9f89c7779bab43958cdddd6a6da44539f01309283c63b7df84dd52b54dcc1	2017-09-24T22:38:46Z	
globalbioticinteractions/aps	http://build.berkeleybop.org/view/Planteome/job/extract-apsnet-diseases/lastSuccessfulBuild/artifact/apsnet.tsv	dafa8f3c99fc8062d1763163571a3cd4a9875adbbee3b37823d88a6a16375740	2017-09-24T22:38:48Z	
globalbioticinteractions/aps	https://github.com/globalbioticinteractions/aps/archive/d21982a5f79a998e67ba71e0b0c0b9f6d26d9c55.zip		2017-09-25T23:13:11Z	application/globi
globalbioticinteractions/aps	https://github.com/globalbioticinteractions/aps/archive/d21982a5f79a998e67ba71e0b0c0b9f6d26d9c55.zip	2f09ea7e329dd477bbf6f822d86294302b9cd88b981bc3d9d410ebe8f66ca201	2017-09-25T23:13:11Z	
globalbioticinteractions/aps	jar:file:/home/jhpoelen/elton/./datasets/globalbioticinteractions/aps/2f09ea7e329dd477bbf6f822d86294302b9cd88b981bc3d9d410ebe8f66ca201!/aps-d21982a5f79a998e67ba71e0b0c0b9f6d26d9c55/globi.json	29e9f89c7779bab43958cdddd6a6da44539f01309283c63b7df84dd52b54dcc1	2017-09-25T23:13:11Z	
globalbioticinteractions/aps	http://build.berkeleybop.org/view/Planteome/job/extract-apsnet-diseases/lastSuccessfulBuild/artifact/apsnet.tsv	dafa8f3c99fc8062d1763163571a3cd4a9875adbbee3b37823d88a6a16375740	2017-09-25T23:13:13Z	
globalbioticinteractions/aps	https://github.com/globalbioticinteractions/aps/archive/d21982a5f79a998e67ba71e0b0c0b9f6d26d9c55.zip		2017-10-02T05:24:02Z	application/globi
globalbioticinteractions/aps	https://github.com/globalbioticinteractions/aps/archive/d21982a5f79a998e67ba71e0b0c0b9f6d26d9c55.zip	2f09ea7e329dd477bbf6f822d86294302b9cd88b981bc3d9d410ebe8f66ca201	2017-10-02T05:24:02Z	
globalbioticinteractions/aps	jar:file:/home/jhpoelen/elton/./datasets/globalbioticinteractions/aps/2f09ea7e329dd477bbf6f822d86294302b9cd88b981bc3d9d410ebe8f66ca201!/aps-d21982a5f79a998e67ba71e0b0c0b9f6d26d9c55/globi.json	29e9f89c7779bab43958cdddd6a6da44539f01309283c63b7df84dd52b54dcc1	2017-10-02T05:24:02Z	
globalbioticinteractions/aps	http://build.berkeleybop.org/view/Planteome/job/extract-apsnet-diseases/lastSuccessfulBuild/artifact/apsnet.tsv	60b1349d3a5ee1010de3457ebe6d2cc2cb710a2a32ec3bca46f5814eb364fc0b	2017-10-02T05:24:03Z	