millerse/Wenzel-Tipton-Classified-List-of-Hosts-and-Parasites	https://github.com/millerse/Wenzel-Tipton-Classified-List-of-Hosts-and-Parasites/archive/8eeb5de6e45c97dd4f6e962dcdf5ad65a021c20b.zip		2017-09-18T17:56:18Z	application/globi
millerse/Wenzel-Tipton-Classified-List-of-Hosts-and-Parasites	https://github.com/millerse/Wenzel-Tipton-Classified-List-of-Hosts-and-Parasites/archive/8eeb5de6e45c97dd4f6e962dcdf5ad65a021c20b.zip	b57c5d5aee86c4786557f79ab4e23468f242f366de06d8d581a78ad88990564b	2017-09-18T17:56:19Z	
millerse/Wenzel-Tipton-Classified-List-of-Hosts-and-Parasites	jar:file:/home/jhpoelen/elton/./datasets/millerse/Wenzel-Tipton-Classified-List-of-Hosts-and-Parasites/b57c5d5aee86c4786557f79ab4e23468f242f366de06d8d581a78ad88990564b!/Wenzel-Tipton-Classified-List-of-Hosts-and-Parasites-8eeb5de6e45c97dd4f6e962dcdf5ad65a021c20b/globi.json	1f35e7149ec6dff71818a862db8d30bad3df5003b1abf314dd6133781660e1ae	2017-09-18T17:56:19Z	
millerse/Wenzel-Tipton-Classified-List-of-Hosts-and-Parasites	jar:file:/home/jhpoelen/elton/./datasets/millerse/Wenzel-Tipton-Classified-List-of-Hosts-and-Parasites/b57c5d5aee86c4786557f79ab4e23468f242f366de06d8d581a78ad88990564b!/Wenzel-Tipton-Classified-List-of-Hosts-and-Parasites-8eeb5de6e45c97dd4f6e962dcdf5ad65a021c20b/interactions.tsv	41dd61fc83b4aaf556c62623a9c9ee8049fe80af0d4626d7e2eccca1659a38b8	2017-09-18T17:56:19Z	
millerse/Wenzel-Tipton-Classified-List-of-Hosts-and-Parasites	https://github.com/millerse/Wenzel-Tipton-Classified-List-of-Hosts-and-Parasites/archive/8eeb5de6e45c97dd4f6e962dcdf5ad65a021c20b.zip		2017-09-18T22:20:53Z	application/globi
millerse/Wenzel-Tipton-Classified-List-of-Hosts-and-Parasites	https://github.com/millerse/Wenzel-Tipton-Classified-List-of-Hosts-and-Parasites/archive/8eeb5de6e45c97dd4f6e962dcdf5ad65a021c20b.zip		2017-09-19T22:21:21Z	application/globi
millerse/Wenzel-Tipton-Classified-List-of-Hosts-and-Parasites	https://github.com/millerse/Wenzel-Tipton-Classified-List-of-Hosts-and-Parasites/archive/8eeb5de6e45c97dd4f6e962dcdf5ad65a021c20b.zip		2017-09-20T22:20:52Z	application/globi
millerse/Wenzel-Tipton-Classified-List-of-Hosts-and-Parasites	https://github.com/millerse/Wenzel-Tipton-Classified-List-of-Hosts-and-Parasites/archive/8eeb5de6e45c97dd4f6e962dcdf5ad65a021c20b.zip		2017-09-20T22:34:49Z	application/globi
millerse/Wenzel-Tipton-Classified-List-of-Hosts-and-Parasites	https://github.com/millerse/Wenzel-Tipton-Classified-List-of-Hosts-and-Parasites/archive/8eeb5de6e45c97dd4f6e962dcdf5ad65a021c20b.zip		2017-09-21T01:26:52Z	application/globi
millerse/Wenzel-Tipton-Classified-List-of-Hosts-and-Parasites	https://github.com/millerse/Wenzel-Tipton-Classified-List-of-Hosts-and-Parasites/archive/8eeb5de6e45c97dd4f6e962dcdf5ad65a021c20b.zip		2017-09-21T21:19:12Z	application/globi
millerse/Wenzel-Tipton-Classified-List-of-Hosts-and-Parasites	https://github.com/millerse/Wenzel-Tipton-Classified-List-of-Hosts-and-Parasites/archive/8eeb5de6e45c97dd4f6e962dcdf5ad65a021c20b.zip	b57c5d5aee86c4786557f79ab4e23468f242f366de06d8d581a78ad88990564b	2017-09-21T21:19:12Z	
millerse/Wenzel-Tipton-Classified-List-of-Hosts-and-Parasites	jar:file:/home/jhpoelen/elton/./datasets/millerse/Wenzel-Tipton-Classified-List-of-Hosts-and-Parasites/b57c5d5aee86c4786557f79ab4e23468f242f366de06d8d581a78ad88990564b!/Wenzel-Tipton-Classified-List-of-Hosts-and-Parasites-8eeb5de6e45c97dd4f6e962dcdf5ad65a021c20b/globi.json	1f35e7149ec6dff71818a862db8d30bad3df5003b1abf314dd6133781660e1ae	2017-09-21T21:19:12Z	
millerse/Wenzel-Tipton-Classified-List-of-Hosts-and-Parasites	https://github.com/millerse/Wenzel-Tipton-Classified-List-of-Hosts-and-Parasites/archive/8eeb5de6e45c97dd4f6e962dcdf5ad65a021c20b.zip	b57c5d5aee86c4786557f79ab4e23468f242f366de06d8d581a78ad88990564b	2017-09-21T21:19:12Z	
millerse/Wenzel-Tipton-Classified-List-of-Hosts-and-Parasites	jar:file:/home/jhpoelen/elton/./datasets/millerse/Wenzel-Tipton-Classified-List-of-Hosts-and-Parasites/b57c5d5aee86c4786557f79ab4e23468f242f366de06d8d581a78ad88990564b!/Wenzel-Tipton-Classified-List-of-Hosts-and-Parasites-8eeb5de6e45c97dd4f6e962dcdf5ad65a021c20b/interactions.tsv	41dd61fc83b4aaf556c62623a9c9ee8049fe80af0d4626d7e2eccca1659a38b8	2017-09-21T21:19:12Z	
millerse/Wenzel-Tipton-Classified-List-of-Hosts-and-Parasites	https://github.com/millerse/Wenzel-Tipton-Classified-List-of-Hosts-and-Parasites/archive/8eeb5de6e45c97dd4f6e962dcdf5ad65a021c20b.zip		2017-09-22T21:19:34Z	application/globi
millerse/Wenzel-Tipton-Classified-List-of-Hosts-and-Parasites	https://github.com/millerse/Wenzel-Tipton-Classified-List-of-Hosts-and-Parasites/archive/8eeb5de6e45c97dd4f6e962dcdf5ad65a021c20b.zip	b57c5d5aee86c4786557f79ab4e23468f242f366de06d8d581a78ad88990564b	2017-09-22T21:19:34Z	
millerse/Wenzel-Tipton-Classified-List-of-Hosts-and-Parasites	jar:file:/home/jhpoelen/elton/./datasets/millerse/Wenzel-Tipton-Classified-List-of-Hosts-and-Parasites/b57c5d5aee86c4786557f79ab4e23468f242f366de06d8d581a78ad88990564b!/Wenzel-Tipton-Classified-List-of-Hosts-and-Parasites-8eeb5de6e45c97dd4f6e962dcdf5ad65a021c20b/globi.json	1f35e7149ec6dff71818a862db8d30bad3df5003b1abf314dd6133781660e1ae	2017-09-22T21:19:34Z	
millerse/Wenzel-Tipton-Classified-List-of-Hosts-and-Parasites	https://github.com/millerse/Wenzel-Tipton-Classified-List-of-Hosts-and-Parasites/archive/8eeb5de6e45c97dd4f6e962dcdf5ad65a021c20b.zip	b57c5d5aee86c4786557f79ab4e23468f242f366de06d8d581a78ad88990564b	2017-09-22T21:19:35Z	
millerse/Wenzel-Tipton-Classified-List-of-Hosts-and-Parasites	jar:file:/home/jhpoelen/elton/./datasets/millerse/Wenzel-Tipton-Classified-List-of-Hosts-and-Parasites/b57c5d5aee86c4786557f79ab4e23468f242f366de06d8d581a78ad88990564b!/Wenzel-Tipton-Classified-List-of-Hosts-and-Parasites-8eeb5de6e45c97dd4f6e962dcdf5ad65a021c20b/interactions.tsv	41dd61fc83b4aaf556c62623a9c9ee8049fe80af0d4626d7e2eccca1659a38b8	2017-09-22T21:19:35Z	
millerse/Wenzel-Tipton-Classified-List-of-Hosts-and-Parasites	https://github.com/millerse/Wenzel-Tipton-Classified-List-of-Hosts-and-Parasites/archive/8eeb5de6e45c97dd4f6e962dcdf5ad65a021c20b.zip		2017-09-23T21:19:31Z	application/globi
millerse/Wenzel-Tipton-Classified-List-of-Hosts-and-Parasites	https://github.com/millerse/Wenzel-Tipton-Classified-List-of-Hosts-and-Parasites/archive/8eeb5de6e45c97dd4f6e962dcdf5ad65a021c20b.zip	b57c5d5aee86c4786557f79ab4e23468f242f366de06d8d581a78ad88990564b	2017-09-23T21:19:32Z	
millerse/Wenzel-Tipton-Classified-List-of-Hosts-and-Parasites	jar:file:/home/jhpoelen/elton/./datasets/millerse/Wenzel-Tipton-Classified-List-of-Hosts-and-Parasites/b57c5d5aee86c4786557f79ab4e23468f242f366de06d8d581a78ad88990564b!/Wenzel-Tipton-Classified-List-of-Hosts-and-Parasites-8eeb5de6e45c97dd4f6e962dcdf5ad65a021c20b/globi.json	1f35e7149ec6dff71818a862db8d30bad3df5003b1abf314dd6133781660e1ae	2017-09-23T21:19:32Z	
millerse/Wenzel-Tipton-Classified-List-of-Hosts-and-Parasites	https://github.com/millerse/Wenzel-Tipton-Classified-List-of-Hosts-and-Parasites/archive/8eeb5de6e45c97dd4f6e962dcdf5ad65a021c20b.zip	b57c5d5aee86c4786557f79ab4e23468f242f366de06d8d581a78ad88990564b	2017-09-23T21:19:32Z	
millerse/Wenzel-Tipton-Classified-List-of-Hosts-and-Parasites	jar:file:/home/jhpoelen/elton/./datasets/millerse/Wenzel-Tipton-Classified-List-of-Hosts-and-Parasites/b57c5d5aee86c4786557f79ab4e23468f242f366de06d8d581a78ad88990564b!/Wenzel-Tipton-Classified-List-of-Hosts-and-Parasites-8eeb5de6e45c97dd4f6e962dcdf5ad65a021c20b/interactions.tsv	41dd61fc83b4aaf556c62623a9c9ee8049fe80af0d4626d7e2eccca1659a38b8	2017-09-23T21:19:32Z	
millerse/Wenzel-Tipton-Classified-List-of-Hosts-and-Parasites	https://github.com/millerse/Wenzel-Tipton-Classified-List-of-Hosts-and-Parasites/archive/8eeb5de6e45c97dd4f6e962dcdf5ad65a021c20b.zip		2017-09-24T21:19:33Z	application/globi
millerse/Wenzel-Tipton-Classified-List-of-Hosts-and-Parasites	https://github.com/millerse/Wenzel-Tipton-Classified-List-of-Hosts-and-Parasites/archive/8eeb5de6e45c97dd4f6e962dcdf5ad65a021c20b.zip	b57c5d5aee86c4786557f79ab4e23468f242f366de06d8d581a78ad88990564b	2017-09-24T21:19:33Z	
millerse/Wenzel-Tipton-Classified-List-of-Hosts-and-Parasites	jar:file:/home/jhpoelen/elton/./datasets/millerse/Wenzel-Tipton-Classified-List-of-Hosts-and-Parasites/b57c5d5aee86c4786557f79ab4e23468f242f366de06d8d581a78ad88990564b!/Wenzel-Tipton-Classified-List-of-Hosts-and-Parasites-8eeb5de6e45c97dd4f6e962dcdf5ad65a021c20b/globi.json	1f35e7149ec6dff71818a862db8d30bad3df5003b1abf314dd6133781660e1ae	2017-09-24T21:19:33Z	
millerse/Wenzel-Tipton-Classified-List-of-Hosts-and-Parasites	https://github.com/millerse/Wenzel-Tipton-Classified-List-of-Hosts-and-Parasites/archive/8eeb5de6e45c97dd4f6e962dcdf5ad65a021c20b.zip	b57c5d5aee86c4786557f79ab4e23468f242f366de06d8d581a78ad88990564b	2017-09-24T21:19:33Z	
millerse/Wenzel-Tipton-Classified-List-of-Hosts-and-Parasites	jar:file:/home/jhpoelen/elton/./datasets/millerse/Wenzel-Tipton-Classified-List-of-Hosts-and-Parasites/b57c5d5aee86c4786557f79ab4e23468f242f366de06d8d581a78ad88990564b!/Wenzel-Tipton-Classified-List-of-Hosts-and-Parasites-8eeb5de6e45c97dd4f6e962dcdf5ad65a021c20b/interactions.tsv	41dd61fc83b4aaf556c62623a9c9ee8049fe80af0d4626d7e2eccca1659a38b8	2017-09-24T21:19:33Z	
millerse/Wenzel-Tipton-Classified-List-of-Hosts-and-Parasites	https://github.com/millerse/Wenzel-Tipton-Classified-List-of-Hosts-and-Parasites/archive/8eeb5de6e45c97dd4f6e962dcdf5ad65a021c20b.zip		2017-09-25T21:19:08Z	application/globi
millerse/Wenzel-Tipton-Classified-List-of-Hosts-and-Parasites	https://github.com/millerse/Wenzel-Tipton-Classified-List-of-Hosts-and-Parasites/archive/8eeb5de6e45c97dd4f6e962dcdf5ad65a021c20b.zip	b57c5d5aee86c4786557f79ab4e23468f242f366de06d8d581a78ad88990564b	2017-09-25T21:19:08Z	
millerse/Wenzel-Tipton-Classified-List-of-Hosts-and-Parasites	jar:file:/home/jhpoelen/elton/./datasets/millerse/Wenzel-Tipton-Classified-List-of-Hosts-and-Parasites/b57c5d5aee86c4786557f79ab4e23468f242f366de06d8d581a78ad88990564b!/Wenzel-Tipton-Classified-List-of-Hosts-and-Parasites-8eeb5de6e45c97dd4f6e962dcdf5ad65a021c20b/globi.json	1f35e7149ec6dff71818a862db8d30bad3df5003b1abf314dd6133781660e1ae	2017-09-25T21:19:08Z	
millerse/Wenzel-Tipton-Classified-List-of-Hosts-and-Parasites	https://github.com/millerse/Wenzel-Tipton-Classified-List-of-Hosts-and-Parasites/archive/8eeb5de6e45c97dd4f6e962dcdf5ad65a021c20b.zip	b57c5d5aee86c4786557f79ab4e23468f242f366de06d8d581a78ad88990564b	2017-09-25T21:19:09Z	
millerse/Wenzel-Tipton-Classified-List-of-Hosts-and-Parasites	jar:file:/home/jhpoelen/elton/./datasets/millerse/Wenzel-Tipton-Classified-List-of-Hosts-and-Parasites/b57c5d5aee86c4786557f79ab4e23468f242f366de06d8d581a78ad88990564b!/Wenzel-Tipton-Classified-List-of-Hosts-and-Parasites-8eeb5de6e45c97dd4f6e962dcdf5ad65a021c20b/interactions.tsv	41dd61fc83b4aaf556c62623a9c9ee8049fe80af0d4626d7e2eccca1659a38b8	2017-09-25T21:19:09Z	
millerse/Wenzel-Tipton-Classified-List-of-Hosts-and-Parasites	https://github.com/millerse/Wenzel-Tipton-Classified-List-of-Hosts-and-Parasites/archive/8eeb5de6e45c97dd4f6e962dcdf5ad65a021c20b.zip		2017-10-02T03:52:28Z	application/globi
millerse/Wenzel-Tipton-Classified-List-of-Hosts-and-Parasites	https://github.com/millerse/Wenzel-Tipton-Classified-List-of-Hosts-and-Parasites/archive/8eeb5de6e45c97dd4f6e962dcdf5ad65a021c20b.zip	b57c5d5aee86c4786557f79ab4e23468f242f366de06d8d581a78ad88990564b	2017-10-02T03:52:29Z	
millerse/Wenzel-Tipton-Classified-List-of-Hosts-and-Parasites	jar:file:/home/jhpoelen/elton/./datasets/millerse/Wenzel-Tipton-Classified-List-of-Hosts-and-Parasites/b57c5d5aee86c4786557f79ab4e23468f242f366de06d8d581a78ad88990564b!/Wenzel-Tipton-Classified-List-of-Hosts-and-Parasites-8eeb5de6e45c97dd4f6e962dcdf5ad65a021c20b/globi.json	1f35e7149ec6dff71818a862db8d30bad3df5003b1abf314dd6133781660e1ae	2017-10-02T03:52:29Z	
millerse/Wenzel-Tipton-Classified-List-of-Hosts-and-Parasites	https://github.com/millerse/Wenzel-Tipton-Classified-List-of-Hosts-and-Parasites/archive/8eeb5de6e45c97dd4f6e962dcdf5ad65a021c20b.zip	b57c5d5aee86c4786557f79ab4e23468f242f366de06d8d581a78ad88990564b	2017-10-02T03:52:29Z	
millerse/Wenzel-Tipton-Classified-List-of-Hosts-and-Parasites	jar:file:/home/jhpoelen/elton/./datasets/millerse/Wenzel-Tipton-Classified-List-of-Hosts-and-Parasites/b57c5d5aee86c4786557f79ab4e23468f242f366de06d8d581a78ad88990564b!/Wenzel-Tipton-Classified-List-of-Hosts-and-Parasites-8eeb5de6e45c97dd4f6e962dcdf5ad65a021c20b/interactions.tsv	41dd61fc83b4aaf556c62623a9c9ee8049fe80af0d4626d7e2eccca1659a38b8	2017-10-02T03:52:29Z	