millerse/PLANT-SEED-DISPERSER-WEBS	https://zenodo.org/record/258200/files/millerse/PLANT-SEED-DISPERSER-WEBS-v1.0.zip		2017-09-18T23:11:22Z	application/globi
millerse/PLANT-SEED-DISPERSER-WEBS	https://zenodo.org/record/258200/files/millerse/PLANT-SEED-DISPERSER-WEBS-v1.0.zip	4c17c8f3999addf1aa48f2ea51c02e344625509235b040be0364272d2b2878f0	2017-09-18T23:11:23Z	
millerse/PLANT-SEED-DISPERSER-WEBS	jar:file:/home/jhpoelen/elton/./datasets/millerse/PLANT-SEED-DISPERSER-WEBS/4c17c8f3999addf1aa48f2ea51c02e344625509235b040be0364272d2b2878f0!/millerse-PLANT-SEED-DISPERSER-WEBS-2767f4c/globi.json	e2768c77d687fb822a5bc28372b7541929dec38e98548e8b60bd7d04bd3b0a0d	2017-09-18T23:11:23Z	
millerse/PLANT-SEED-DISPERSER-WEBS	jar:file:/home/jhpoelen/elton/./datasets/millerse/PLANT-SEED-DISPERSER-WEBS/4c17c8f3999addf1aa48f2ea51c02e344625509235b040be0364272d2b2878f0!/millerse-PLANT-SEED-DISPERSER-WEBS-2767f4c/interactions.tsv	db48b872f01fbad6bdc344f625e4d1971a58264e4f892a3e484e489788aff513	2017-09-18T23:11:23Z	
millerse/PLANT-SEED-DISPERSER-WEBS	https://zenodo.org/record/258200/files/millerse/PLANT-SEED-DISPERSER-WEBS-v1.0.zip		2017-09-19T22:27:09Z	application/globi
millerse/PLANT-SEED-DISPERSER-WEBS	https://zenodo.org/record/258200/files/millerse/PLANT-SEED-DISPERSER-WEBS-v1.0.zip		2017-09-20T22:25:59Z	application/globi
millerse/PLANT-SEED-DISPERSER-WEBS	https://zenodo.org/record/258200/files/millerse/PLANT-SEED-DISPERSER-WEBS-v1.0.zip		2017-09-20T22:39:25Z	application/globi
millerse/PLANT-SEED-DISPERSER-WEBS	https://zenodo.org/record/258200/files/millerse/PLANT-SEED-DISPERSER-WEBS-v1.0.zip		2017-09-21T01:31:28Z	application/globi
millerse/PLANT-SEED-DISPERSER-WEBS	https://zenodo.org/record/258200/files/millerse/PLANT-SEED-DISPERSER-WEBS-v1.0.zip		2017-09-21T22:05:41Z	application/globi
millerse/PLANT-SEED-DISPERSER-WEBS	https://zenodo.org/record/258200/files/millerse/PLANT-SEED-DISPERSER-WEBS-v1.0.zip	4c17c8f3999addf1aa48f2ea51c02e344625509235b040be0364272d2b2878f0	2017-09-21T22:05:41Z	
millerse/PLANT-SEED-DISPERSER-WEBS	jar:file:/home/jhpoelen/elton/./datasets/millerse/PLANT-SEED-DISPERSER-WEBS/4c17c8f3999addf1aa48f2ea51c02e344625509235b040be0364272d2b2878f0!/millerse-PLANT-SEED-DISPERSER-WEBS-2767f4c/globi.json	e2768c77d687fb822a5bc28372b7541929dec38e98548e8b60bd7d04bd3b0a0d	2017-09-21T22:05:41Z	
millerse/PLANT-SEED-DISPERSER-WEBS	https://zenodo.org/record/258200/files/millerse/PLANT-SEED-DISPERSER-WEBS-v1.0.zip	4c17c8f3999addf1aa48f2ea51c02e344625509235b040be0364272d2b2878f0	2017-09-21T22:05:41Z	
millerse/PLANT-SEED-DISPERSER-WEBS	jar:file:/home/jhpoelen/elton/./datasets/millerse/PLANT-SEED-DISPERSER-WEBS/4c17c8f3999addf1aa48f2ea51c02e344625509235b040be0364272d2b2878f0!/millerse-PLANT-SEED-DISPERSER-WEBS-2767f4c/interactions.tsv	db48b872f01fbad6bdc344f625e4d1971a58264e4f892a3e484e489788aff513	2017-09-21T22:05:41Z	
millerse/PLANT-SEED-DISPERSER-WEBS	https://zenodo.org/record/258200/files/millerse/PLANT-SEED-DISPERSER-WEBS-v1.0.zip		2017-09-22T22:15:29Z	application/globi
millerse/PLANT-SEED-DISPERSER-WEBS	https://zenodo.org/record/258200/files/millerse/PLANT-SEED-DISPERSER-WEBS-v1.0.zip	4c17c8f3999addf1aa48f2ea51c02e344625509235b040be0364272d2b2878f0	2017-09-22T22:15:30Z	
millerse/PLANT-SEED-DISPERSER-WEBS	jar:file:/home/jhpoelen/elton/./datasets/millerse/PLANT-SEED-DISPERSER-WEBS/4c17c8f3999addf1aa48f2ea51c02e344625509235b040be0364272d2b2878f0!/millerse-PLANT-SEED-DISPERSER-WEBS-2767f4c/globi.json	e2768c77d687fb822a5bc28372b7541929dec38e98548e8b60bd7d04bd3b0a0d	2017-09-22T22:15:30Z	
millerse/PLANT-SEED-DISPERSER-WEBS	https://zenodo.org/record/258200/files/millerse/PLANT-SEED-DISPERSER-WEBS-v1.0.zip	4c17c8f3999addf1aa48f2ea51c02e344625509235b040be0364272d2b2878f0	2017-09-22T22:15:30Z	
millerse/PLANT-SEED-DISPERSER-WEBS	jar:file:/home/jhpoelen/elton/./datasets/millerse/PLANT-SEED-DISPERSER-WEBS/4c17c8f3999addf1aa48f2ea51c02e344625509235b040be0364272d2b2878f0!/millerse-PLANT-SEED-DISPERSER-WEBS-2767f4c/interactions.tsv	db48b872f01fbad6bdc344f625e4d1971a58264e4f892a3e484e489788aff513	2017-09-22T22:15:30Z	
millerse/PLANT-SEED-DISPERSER-WEBS	https://zenodo.org/record/258200/files/millerse/PLANT-SEED-DISPERSER-WEBS-v1.0.zip		2017-09-23T22:22:35Z	application/globi
millerse/PLANT-SEED-DISPERSER-WEBS	https://zenodo.org/record/258200/files/millerse/PLANT-SEED-DISPERSER-WEBS-v1.0.zip	4c17c8f3999addf1aa48f2ea51c02e344625509235b040be0364272d2b2878f0	2017-09-23T22:22:35Z	
millerse/PLANT-SEED-DISPERSER-WEBS	jar:file:/home/jhpoelen/elton/./datasets/millerse/PLANT-SEED-DISPERSER-WEBS/4c17c8f3999addf1aa48f2ea51c02e344625509235b040be0364272d2b2878f0!/millerse-PLANT-SEED-DISPERSER-WEBS-2767f4c/globi.json	e2768c77d687fb822a5bc28372b7541929dec38e98548e8b60bd7d04bd3b0a0d	2017-09-23T22:22:35Z	
millerse/PLANT-SEED-DISPERSER-WEBS	https://zenodo.org/record/258200/files/millerse/PLANT-SEED-DISPERSER-WEBS-v1.0.zip	4c17c8f3999addf1aa48f2ea51c02e344625509235b040be0364272d2b2878f0	2017-09-23T22:22:35Z	
millerse/PLANT-SEED-DISPERSER-WEBS	jar:file:/home/jhpoelen/elton/./datasets/millerse/PLANT-SEED-DISPERSER-WEBS/4c17c8f3999addf1aa48f2ea51c02e344625509235b040be0364272d2b2878f0!/millerse-PLANT-SEED-DISPERSER-WEBS-2767f4c/interactions.tsv	db48b872f01fbad6bdc344f625e4d1971a58264e4f892a3e484e489788aff513	2017-09-23T22:22:35Z	
millerse/PLANT-SEED-DISPERSER-WEBS	https://zenodo.org/record/258200/files/millerse/PLANT-SEED-DISPERSER-WEBS-v1.0.zip		2017-09-24T22:40:32Z	application/globi
millerse/PLANT-SEED-DISPERSER-WEBS	https://zenodo.org/record/258200/files/millerse/PLANT-SEED-DISPERSER-WEBS-v1.0.zip	4c17c8f3999addf1aa48f2ea51c02e344625509235b040be0364272d2b2878f0	2017-09-24T22:40:32Z	
millerse/PLANT-SEED-DISPERSER-WEBS	jar:file:/home/jhpoelen/elton/./datasets/millerse/PLANT-SEED-DISPERSER-WEBS/4c17c8f3999addf1aa48f2ea51c02e344625509235b040be0364272d2b2878f0!/millerse-PLANT-SEED-DISPERSER-WEBS-2767f4c/globi.json	e2768c77d687fb822a5bc28372b7541929dec38e98548e8b60bd7d04bd3b0a0d	2017-09-24T22:40:32Z	
millerse/PLANT-SEED-DISPERSER-WEBS	https://zenodo.org/record/258200/files/millerse/PLANT-SEED-DISPERSER-WEBS-v1.0.zip	4c17c8f3999addf1aa48f2ea51c02e344625509235b040be0364272d2b2878f0	2017-09-24T22:40:32Z	
millerse/PLANT-SEED-DISPERSER-WEBS	jar:file:/home/jhpoelen/elton/./datasets/millerse/PLANT-SEED-DISPERSER-WEBS/4c17c8f3999addf1aa48f2ea51c02e344625509235b040be0364272d2b2878f0!/millerse-PLANT-SEED-DISPERSER-WEBS-2767f4c/interactions.tsv	db48b872f01fbad6bdc344f625e4d1971a58264e4f892a3e484e489788aff513	2017-09-24T22:40:32Z	
millerse/PLANT-SEED-DISPERSER-WEBS	https://zenodo.org/record/258200/files/millerse/PLANT-SEED-DISPERSER-WEBS-v1.0.zip		2017-09-25T23:15:16Z	application/globi
millerse/PLANT-SEED-DISPERSER-WEBS	https://zenodo.org/record/258200/files/millerse/PLANT-SEED-DISPERSER-WEBS-v1.0.zip	4c17c8f3999addf1aa48f2ea51c02e344625509235b040be0364272d2b2878f0	2017-09-25T23:15:16Z	
millerse/PLANT-SEED-DISPERSER-WEBS	jar:file:/home/jhpoelen/elton/./datasets/millerse/PLANT-SEED-DISPERSER-WEBS/4c17c8f3999addf1aa48f2ea51c02e344625509235b040be0364272d2b2878f0!/millerse-PLANT-SEED-DISPERSER-WEBS-2767f4c/globi.json	e2768c77d687fb822a5bc28372b7541929dec38e98548e8b60bd7d04bd3b0a0d	2017-09-25T23:15:16Z	
millerse/PLANT-SEED-DISPERSER-WEBS	https://zenodo.org/record/258200/files/millerse/PLANT-SEED-DISPERSER-WEBS-v1.0.zip	4c17c8f3999addf1aa48f2ea51c02e344625509235b040be0364272d2b2878f0	2017-09-25T23:15:16Z	
millerse/PLANT-SEED-DISPERSER-WEBS	jar:file:/home/jhpoelen/elton/./datasets/millerse/PLANT-SEED-DISPERSER-WEBS/4c17c8f3999addf1aa48f2ea51c02e344625509235b040be0364272d2b2878f0!/millerse-PLANT-SEED-DISPERSER-WEBS-2767f4c/interactions.tsv	db48b872f01fbad6bdc344f625e4d1971a58264e4f892a3e484e489788aff513	2017-09-25T23:15:16Z	
millerse/PLANT-SEED-DISPERSER-WEBS	https://zenodo.org/record/258200/files/millerse/PLANT-SEED-DISPERSER-WEBS-v1.0.zip		2017-10-02T05:25:36Z	application/globi
millerse/PLANT-SEED-DISPERSER-WEBS	https://zenodo.org/record/258200/files/millerse/PLANT-SEED-DISPERSER-WEBS-v1.0.zip	4c17c8f3999addf1aa48f2ea51c02e344625509235b040be0364272d2b2878f0	2017-10-02T05:25:36Z	
millerse/PLANT-SEED-DISPERSER-WEBS	jar:file:/home/jhpoelen/elton/./datasets/millerse/PLANT-SEED-DISPERSER-WEBS/4c17c8f3999addf1aa48f2ea51c02e344625509235b040be0364272d2b2878f0!/millerse-PLANT-SEED-DISPERSER-WEBS-2767f4c/globi.json	e2768c77d687fb822a5bc28372b7541929dec38e98548e8b60bd7d04bd3b0a0d	2017-10-02T05:25:36Z	
millerse/PLANT-SEED-DISPERSER-WEBS	https://zenodo.org/record/258200/files/millerse/PLANT-SEED-DISPERSER-WEBS-v1.0.zip	4c17c8f3999addf1aa48f2ea51c02e344625509235b040be0364272d2b2878f0	2017-10-02T05:25:37Z	
millerse/PLANT-SEED-DISPERSER-WEBS	jar:file:/home/jhpoelen/elton/./datasets/millerse/PLANT-SEED-DISPERSER-WEBS/4c17c8f3999addf1aa48f2ea51c02e344625509235b040be0364272d2b2878f0!/millerse-PLANT-SEED-DISPERSER-WEBS-2767f4c/interactions.tsv	db48b872f01fbad6bdc344f625e4d1971a58264e4f892a3e484e489788aff513	2017-10-02T05:25:37Z	
millerse/PLANT-SEED-DISPERSER-WEBS	https://zenodo.org/record/258200/files/millerse/PLANT-SEED-DISPERSER-WEBS-v1.0.zip		2017-10-14T22:34:32Z	application/globi
millerse/PLANT-SEED-DISPERSER-WEBS	https://zenodo.org/record/258200/files/millerse/PLANT-SEED-DISPERSER-WEBS-v1.0.zip	4c17c8f3999addf1aa48f2ea51c02e344625509235b040be0364272d2b2878f0	2017-10-14T22:34:32Z	
millerse/PLANT-SEED-DISPERSER-WEBS	jar:file:/home/jhpoelen/elton/./datasets/millerse/PLANT-SEED-DISPERSER-WEBS/4c17c8f3999addf1aa48f2ea51c02e344625509235b040be0364272d2b2878f0!/millerse-PLANT-SEED-DISPERSER-WEBS-2767f4c/globi.json	e2768c77d687fb822a5bc28372b7541929dec38e98548e8b60bd7d04bd3b0a0d	2017-10-14T22:34:32Z	
millerse/PLANT-SEED-DISPERSER-WEBS	https://zenodo.org/record/258200/files/millerse/PLANT-SEED-DISPERSER-WEBS-v1.0.zip	4c17c8f3999addf1aa48f2ea51c02e344625509235b040be0364272d2b2878f0	2017-10-14T22:34:32Z	
millerse/PLANT-SEED-DISPERSER-WEBS	jar:file:/home/jhpoelen/elton/./datasets/millerse/PLANT-SEED-DISPERSER-WEBS/4c17c8f3999addf1aa48f2ea51c02e344625509235b040be0364272d2b2878f0!/millerse-PLANT-SEED-DISPERSER-WEBS-2767f4c/interactions.tsv	db48b872f01fbad6bdc344f625e4d1971a58264e4f892a3e484e489788aff513	2017-10-14T22:34:32Z	
millerse/PLANT-SEED-DISPERSER-WEBS	https://zenodo.org/record/258200/files/millerse/PLANT-SEED-DISPERSER-WEBS-v1.0.zip		2017-10-21T23:09:34Z	application/globi
millerse/PLANT-SEED-DISPERSER-WEBS	https://zenodo.org/record/258200/files/millerse/PLANT-SEED-DISPERSER-WEBS-v1.0.zip	4c17c8f3999addf1aa48f2ea51c02e344625509235b040be0364272d2b2878f0	2017-10-21T23:09:35Z	
millerse/PLANT-SEED-DISPERSER-WEBS	jar:file:/home/jhpoelen/elton/./datasets/millerse/PLANT-SEED-DISPERSER-WEBS/4c17c8f3999addf1aa48f2ea51c02e344625509235b040be0364272d2b2878f0!/millerse-PLANT-SEED-DISPERSER-WEBS-2767f4c/globi.json	e2768c77d687fb822a5bc28372b7541929dec38e98548e8b60bd7d04bd3b0a0d	2017-10-21T23:09:35Z	
millerse/PLANT-SEED-DISPERSER-WEBS	https://zenodo.org/record/258200/files/millerse/PLANT-SEED-DISPERSER-WEBS-v1.0.zip	4c17c8f3999addf1aa48f2ea51c02e344625509235b040be0364272d2b2878f0	2017-10-21T23:09:35Z	
millerse/PLANT-SEED-DISPERSER-WEBS	jar:file:/home/jhpoelen/elton/./datasets/millerse/PLANT-SEED-DISPERSER-WEBS/4c17c8f3999addf1aa48f2ea51c02e344625509235b040be0364272d2b2878f0!/millerse-PLANT-SEED-DISPERSER-WEBS-2767f4c/interactions.tsv	db48b872f01fbad6bdc344f625e4d1971a58264e4f892a3e484e489788aff513	2017-10-21T23:09:35Z	
millerse/PLANT-SEED-DISPERSER-WEBS	https://zenodo.org/record/258200/files/millerse/PLANT-SEED-DISPERSER-WEBS-v1.0.zip		2017-10-28T23:29:12Z	application/globi
millerse/PLANT-SEED-DISPERSER-WEBS	https://zenodo.org/record/258200/files/millerse/PLANT-SEED-DISPERSER-WEBS-v1.0.zip	4c17c8f3999addf1aa48f2ea51c02e344625509235b040be0364272d2b2878f0	2017-10-28T23:29:12Z	
millerse/PLANT-SEED-DISPERSER-WEBS	jar:file:/home/jhpoelen/elton/./datasets/millerse/PLANT-SEED-DISPERSER-WEBS/4c17c8f3999addf1aa48f2ea51c02e344625509235b040be0364272d2b2878f0!/millerse-PLANT-SEED-DISPERSER-WEBS-2767f4c/globi.json	e2768c77d687fb822a5bc28372b7541929dec38e98548e8b60bd7d04bd3b0a0d	2017-10-28T23:29:12Z	
millerse/PLANT-SEED-DISPERSER-WEBS	https://zenodo.org/record/258200/files/millerse/PLANT-SEED-DISPERSER-WEBS-v1.0.zip	4c17c8f3999addf1aa48f2ea51c02e344625509235b040be0364272d2b2878f0	2017-10-28T23:29:12Z	
millerse/PLANT-SEED-DISPERSER-WEBS	jar:file:/home/jhpoelen/elton/./datasets/millerse/PLANT-SEED-DISPERSER-WEBS/4c17c8f3999addf1aa48f2ea51c02e344625509235b040be0364272d2b2878f0!/millerse-PLANT-SEED-DISPERSER-WEBS-2767f4c/interactions.tsv	db48b872f01fbad6bdc344f625e4d1971a58264e4f892a3e484e489788aff513	2017-10-28T23:29:12Z	
millerse/PLANT-SEED-DISPERSER-WEBS	https://zenodo.org/record/258200/files/millerse/PLANT-SEED-DISPERSER-WEBS-v1.0.zip		2017-11-05T01:48:59Z	application/globi
millerse/PLANT-SEED-DISPERSER-WEBS	https://zenodo.org/record/258200/files/millerse/PLANT-SEED-DISPERSER-WEBS-v1.0.zip	4c17c8f3999addf1aa48f2ea51c02e344625509235b040be0364272d2b2878f0	2017-11-05T01:48:59Z	
millerse/PLANT-SEED-DISPERSER-WEBS	jar:file:/home/jhpoelen/elton/./datasets/millerse/PLANT-SEED-DISPERSER-WEBS/4c17c8f3999addf1aa48f2ea51c02e344625509235b040be0364272d2b2878f0!/millerse-PLANT-SEED-DISPERSER-WEBS-2767f4c/globi.json	e2768c77d687fb822a5bc28372b7541929dec38e98548e8b60bd7d04bd3b0a0d	2017-11-05T01:48:59Z	
millerse/PLANT-SEED-DISPERSER-WEBS	https://zenodo.org/record/258200/files/millerse/PLANT-SEED-DISPERSER-WEBS-v1.0.zip	4c17c8f3999addf1aa48f2ea51c02e344625509235b040be0364272d2b2878f0	2017-11-05T01:48:59Z	
millerse/PLANT-SEED-DISPERSER-WEBS	jar:file:/home/jhpoelen/elton/./datasets/millerse/PLANT-SEED-DISPERSER-WEBS/4c17c8f3999addf1aa48f2ea51c02e344625509235b040be0364272d2b2878f0!/millerse-PLANT-SEED-DISPERSER-WEBS-2767f4c/interactions.tsv	db48b872f01fbad6bdc344f625e4d1971a58264e4f892a3e484e489788aff513	2017-11-05T01:48:59Z	
millerse/PLANT-SEED-DISPERSER-WEBS	https://zenodo.org/record/258200/files/millerse/PLANT-SEED-DISPERSER-WEBS-v1.0.zip		2017-11-07T20:21:28Z	application/globi
millerse/PLANT-SEED-DISPERSER-WEBS	https://zenodo.org/record/258200/files/millerse/PLANT-SEED-DISPERSER-WEBS-v1.0.zip	4c17c8f3999addf1aa48f2ea51c02e344625509235b040be0364272d2b2878f0	2017-11-07T20:21:29Z	
millerse/PLANT-SEED-DISPERSER-WEBS	jar:file:/home/jhpoelen/elton/./datasets/millerse/PLANT-SEED-DISPERSER-WEBS/4c17c8f3999addf1aa48f2ea51c02e344625509235b040be0364272d2b2878f0!/millerse-PLANT-SEED-DISPERSER-WEBS-2767f4c/globi.json	e2768c77d687fb822a5bc28372b7541929dec38e98548e8b60bd7d04bd3b0a0d	2017-11-07T20:21:29Z	
millerse/PLANT-SEED-DISPERSER-WEBS	https://zenodo.org/record/258200/files/millerse/PLANT-SEED-DISPERSER-WEBS-v1.0.zip	4c17c8f3999addf1aa48f2ea51c02e344625509235b040be0364272d2b2878f0	2017-11-07T20:21:29Z	
millerse/PLANT-SEED-DISPERSER-WEBS	jar:file:/home/jhpoelen/elton/./datasets/millerse/PLANT-SEED-DISPERSER-WEBS/4c17c8f3999addf1aa48f2ea51c02e344625509235b040be0364272d2b2878f0!/millerse-PLANT-SEED-DISPERSER-WEBS-2767f4c/interactions.tsv	db48b872f01fbad6bdc344f625e4d1971a58264e4f892a3e484e489788aff513	2017-11-07T20:21:29Z	
millerse/PLANT-SEED-DISPERSER-WEBS	https://zenodo.org/record/258200/files/millerse/PLANT-SEED-DISPERSER-WEBS-v1.0.zip		2017-11-14T20:19:53Z	application/globi
millerse/PLANT-SEED-DISPERSER-WEBS	https://zenodo.org/record/258200/files/millerse/PLANT-SEED-DISPERSER-WEBS-v1.0.zip	4c17c8f3999addf1aa48f2ea51c02e344625509235b040be0364272d2b2878f0	2017-11-14T20:19:53Z	
millerse/PLANT-SEED-DISPERSER-WEBS	jar:file:/home/jhpoelen/elton/./datasets/millerse/PLANT-SEED-DISPERSER-WEBS/4c17c8f3999addf1aa48f2ea51c02e344625509235b040be0364272d2b2878f0!/millerse-PLANT-SEED-DISPERSER-WEBS-2767f4c/globi.json	e2768c77d687fb822a5bc28372b7541929dec38e98548e8b60bd7d04bd3b0a0d	2017-11-14T20:19:53Z	
millerse/PLANT-SEED-DISPERSER-WEBS	https://zenodo.org/record/258200/files/millerse/PLANT-SEED-DISPERSER-WEBS-v1.0.zip	4c17c8f3999addf1aa48f2ea51c02e344625509235b040be0364272d2b2878f0	2017-11-14T20:19:54Z	
millerse/PLANT-SEED-DISPERSER-WEBS	jar:file:/home/jhpoelen/elton/./datasets/millerse/PLANT-SEED-DISPERSER-WEBS/4c17c8f3999addf1aa48f2ea51c02e344625509235b040be0364272d2b2878f0!/millerse-PLANT-SEED-DISPERSER-WEBS-2767f4c/interactions.tsv	db48b872f01fbad6bdc344f625e4d1971a58264e4f892a3e484e489788aff513	2017-11-14T20:19:54Z	
millerse/PLANT-SEED-DISPERSER-WEBS	https://zenodo.org/record/258200/files/millerse/PLANT-SEED-DISPERSER-WEBS-v1.0.zip		2017-11-21T19:34:45Z	application/globi
millerse/PLANT-SEED-DISPERSER-WEBS	https://zenodo.org/record/258200/files/millerse/PLANT-SEED-DISPERSER-WEBS-v1.0.zip	4c17c8f3999addf1aa48f2ea51c02e344625509235b040be0364272d2b2878f0	2017-11-21T19:34:45Z	
millerse/PLANT-SEED-DISPERSER-WEBS	jar:file:/home/jhpoelen/elton/./datasets/millerse/PLANT-SEED-DISPERSER-WEBS/4c17c8f3999addf1aa48f2ea51c02e344625509235b040be0364272d2b2878f0!/millerse-PLANT-SEED-DISPERSER-WEBS-2767f4c/globi.json	e2768c77d687fb822a5bc28372b7541929dec38e98548e8b60bd7d04bd3b0a0d	2017-11-21T19:34:45Z	
millerse/PLANT-SEED-DISPERSER-WEBS	https://zenodo.org/record/258200/files/millerse/PLANT-SEED-DISPERSER-WEBS-v1.0.zip	4c17c8f3999addf1aa48f2ea51c02e344625509235b040be0364272d2b2878f0	2017-11-21T19:34:45Z	
millerse/PLANT-SEED-DISPERSER-WEBS	jar:file:/home/jhpoelen/elton/./datasets/millerse/PLANT-SEED-DISPERSER-WEBS/4c17c8f3999addf1aa48f2ea51c02e344625509235b040be0364272d2b2878f0!/millerse-PLANT-SEED-DISPERSER-WEBS-2767f4c/interactions.tsv	db48b872f01fbad6bdc344f625e4d1971a58264e4f892a3e484e489788aff513	2017-11-21T19:34:45Z	
millerse/PLANT-SEED-DISPERSER-WEBS	https://zenodo.org/record/258200/files/millerse/PLANT-SEED-DISPERSER-WEBS-v1.0.zip		2017-11-28T20:14:19Z	application/globi
millerse/PLANT-SEED-DISPERSER-WEBS	https://zenodo.org/record/258200/files/millerse/PLANT-SEED-DISPERSER-WEBS-v1.0.zip	4c17c8f3999addf1aa48f2ea51c02e344625509235b040be0364272d2b2878f0	2017-11-28T20:14:19Z	
millerse/PLANT-SEED-DISPERSER-WEBS	jar:file:/home/jhpoelen/elton/./datasets/millerse/PLANT-SEED-DISPERSER-WEBS/4c17c8f3999addf1aa48f2ea51c02e344625509235b040be0364272d2b2878f0!/millerse-PLANT-SEED-DISPERSER-WEBS-2767f4c/globi.json	e2768c77d687fb822a5bc28372b7541929dec38e98548e8b60bd7d04bd3b0a0d	2017-11-28T20:14:19Z	
millerse/PLANT-SEED-DISPERSER-WEBS	https://zenodo.org/record/258200/files/millerse/PLANT-SEED-DISPERSER-WEBS-v1.0.zip	4c17c8f3999addf1aa48f2ea51c02e344625509235b040be0364272d2b2878f0	2017-11-28T20:14:19Z	
millerse/PLANT-SEED-DISPERSER-WEBS	jar:file:/home/jhpoelen/elton/./datasets/millerse/PLANT-SEED-DISPERSER-WEBS/4c17c8f3999addf1aa48f2ea51c02e344625509235b040be0364272d2b2878f0!/millerse-PLANT-SEED-DISPERSER-WEBS-2767f4c/interactions.tsv	db48b872f01fbad6bdc344f625e4d1971a58264e4f892a3e484e489788aff513	2017-11-28T20:14:19Z	